Date,KO,PEP
2015-01-02,30.437501907348633,69.97865295410156
2015-01-05,30.437501907348633,69.45252990722656
2015-01-06,30.668636322021484,68.92642974853516
2015-01-07,31.05145835876465,70.94194030761719
2015-01-08,31.427043914794922,72.2312240600586
2015-01-09,31.080339431762695,71.74217224121094
2015-01-12,30.79865264892578,71.44577026367188
2015-01-13,30.79142951965332,71.39387512207031
2015-01-14,30.74085807800293,71.6310043334961
2015-01-15,30.610857009887695,71.6310043334961
2015-01-16,30.71919059753418,72.0904312133789
2015-01-20,31.17424774169922,72.25345611572266
2015-01-21,31.318696975708008,72.17192077636719
2015-01-22,31.6220645904541,73.28341674804688
2015-01-23,31.28258514404297,73.0092544555664
2015-01-26,31.058677673339844,73.12782287597656
2015-01-27,30.618070602416992,71.6680679321289
2015-01-28,30.278593063354492,70.92708587646484
2015-01-29,30.40861701965332,71.15679931640625
2015-01-30,29.736881256103516,69.48956298828125
2015-02-02,30.040231704711914,70.63811492919922
2015-02-03,30.069129943847656,71.28272247314453
2015-02-04,30.105241775512695,71.57916259765625
2015-02-05,30.184696197509766,71.58656311035156
2015-02-06,29.939125061035156,71.6606674194336
2015-02-09,29.780210494995117,71.11234283447266
2015-02-10,30.62528419494629,72.60913848876953
2015-02-11,30.60362434387207,74.3948745727539
2015-02-12,30.45917510986328,74.298583984375
2015-02-13,30.329145431518555,73.45384979248047
2015-02-17,30.19913673400879,72.88328552246094
2015-02-18,30.1413631439209,73.60206604003906
2015-02-19,30.41582679748535,73.15003967285156
2015-02-20,30.314714431762695,73.4019546508789
2015-02-23,30.228031158447266,73.69096374511719
2015-02-24,30.43027114868164,73.78726959228516
2015-02-25,30.372495651245117,73.72801208496094
2015-02-26,30.668636322021484,73.4094009399414
2015-02-27,31.275365829467773,73.34271240234375
2015-03-02,31.203121185302734,73.35750579833984
2015-03-03,31.02255630493164,72.9129409790039
2015-03-04,30.697538375854492,72.625732421875
2015-03-05,30.62528419494629,72.52874755859375
2015-03-06,29.98967742919922,71.73807525634766
2015-03-09,29.895776748657227,71.64108276367188
2015-03-10,29.39017105102539,70.44009399414062
2015-03-11,28.964017868041992,69.84333038330078
2015-03-12,29.546655654907227,71.39491271972656
2015-03-13,29.06598472595215,70.3580551147461
2015-03-16,29.342731475830078,71.20096588134766
2015-03-17,29.50295066833496,70.21630096435547
2015-03-18,29.56849479675293,70.59671783447266
2015-03-19,29.146093368530273,70.1939697265625
2015-03-20,29.60491180419922,71.11892700195312
2015-03-23,29.583053588867188,71.49933624267578
2015-03-24,29.473827362060547,71.50682067871094
2015-03-25,29.459259033203125,71.05924987792969
2015-03-26,29.386432647705078,71.33524322509766
2015-03-27,29.18979263305664,71.57391357421875
2015-03-30,29.50295066833496,71.9991226196289
2015-03-31,29.532085418701172,71.32778930664062
2015-04-01,29.62677001953125,70.9323959350586
2015-04-02,29.62677001953125,71.3799819946289
2015-04-06,29.98362922668457,71.96929931640625
2015-04-07,29.867095947265625,71.76789855957031
2015-04-08,29.779695510864258,71.63362884521484
2015-04-09,29.89622688293457,71.8722915649414
2015-04-10,29.772428512573242,71.76040649414062
2015-04-13,29.64133071899414,71.26065826416016
2015-04-14,29.50295066833496,71.97673034667969
2015-04-15,29.422840118408203,72.08118438720703
2015-04-16,29.56849479675293,71.94689178466797
2015-04-17,29.350013732910156,71.46951293945312
2015-04-20,29.61220359802246,71.98420715332031
2015-04-21,29.699594497680664,72.19308471679688
2015-04-22,30.085580825805664,72.56605529785156
2015-04-23,29.823400497436523,71.40982818603516
2015-04-24,29.779695510864258,70.99211120605469
2015-04-27,29.736007690429688,70.4848403930664
2015-04-28,29.69230842590332,70.43264770507812
2015-04-29,29.488399505615234,70.40278625488281
2015-04-30,29.539363861083984,70.95480346679688
2015-05-01,29.794269561767578,71.28301239013672
2015-05-04,29.83068084716797,71.57391357421875
2015-05-05,29.677743911743164,71.1785888671875
2015-05-06,29.61220359802246,71.22335815429688
2015-05-07,29.64133071899414,70.97716522216797
2015-05-08,29.845239639282227,72.02149963378906
2015-05-11,29.816118240356445,71.8722915649414
2015-05-12,29.63404655456543,71.76040649414062
2015-05-13,29.89622688293457,71.91708374023438
2015-05-14,30.223960876464844,73.10313415527344
2015-05-15,30.238515853881836,73.26725006103516
2015-05-18,30.092864990234375,73.14045715332031
2015-05-19,30.085580825805664,73.06584930419922
2015-05-20,30.11471176147461,72.87191009521484
2015-05-21,30.027318954467773,72.50639343261719
2015-05-22,30.012754440307617,71.80519104003906
2015-05-26,29.8525333404541,71.45458221435547
2015-05-27,29.94721221923828,71.89469909667969
2015-05-28,29.961769104003906,72.40196228027344
2015-05-29,29.83068084716797,71.9320068359375
2015-06-01,29.816118240356445,71.5888671875
2015-06-02,29.8525333404541,71.64852905273438
2015-06-03,29.765134811401367,71.61322784423828
2015-06-04,29.561220169067383,70.74153900146484
2015-06-05,29.204355239868164,69.92247009277344
2015-06-08,29.2480525970459,69.76466369628906
2015-06-09,29.27718734741211,69.93749237060547
2015-06-10,29.371870040893555,70.40341186523438
2015-06-11,29.445287704467773,70.70394134521484
2015-06-12,29.34248924255371,70.4409408569336
2015-06-15,29.0708065032959,69.61436462402344
2015-06-16,29.43060874938965,70.29815673828125
2015-06-17,29.57012176513672,70.67388916015625
2015-06-18,29.84915542602539,71.56060791015625
2015-06-19,29.665576934814453,71.28258514404297
2015-06-22,29.724315643310547,71.83866882324219
2015-06-23,29.650894165039062,71.83866882324219
2015-06-24,29.511383056640625,71.60570526123047
2015-06-25,29.386550903320312,71.2600326538086
2015-06-26,29.371870040893555,71.32014465332031
2015-06-29,28.931278228759766,70.40341186523438
2015-06-30,28.806455612182617,70.14038848876953
2015-07-01,29.004701614379883,71.02709197998047
2015-07-02,28.99736785888672,71.1323013305664
2015-07-06,28.945964813232422,70.93692016601562
2015-07-07,29.555431365966797,72.4398193359375
2015-07-08,29.269062042236328,71.84615325927734
2015-07-09,29.313121795654297,71.07968139648438
2015-07-10,29.65823745727539,71.80108642578125
2015-07-13,29.856496810913086,73.05601501464844
2015-07-14,30.230993270874023,72.98835754394531
2015-07-15,30.201622009277344,72.40223693847656
2015-07-16,30.458621978759766,72.81554412841797
2015-07-17,30.28972625732422,72.72537994384766
2015-07-20,30.38518714904785,73.12364196777344
2015-07-21,30.24567222595215,72.83807373046875
2015-07-22,30.032733917236328,73.01844787597656
2015-07-23,29.98866844177246,72.79299926757812
2015-07-24,29.694957733154297,72.27449798583984
2015-07-27,29.768373489379883,71.88374328613281
2015-07-28,29.77572250366211,72.22188568115234
2015-07-29,29.805095672607422,72.5374755859375
2015-07-30,29.783058166503906,72.6126708984375
2015-07-31,30.164892196655273,72.40223693847656
2015-08-03,30.502683639526367,73.22885131835938
2015-08-04,30.73031234741211,73.49938201904297
2015-08-05,30.928569793701172,74.53636932373047
2015-08-06,30.781707763671875,74.50630950927734
2015-08-07,30.671566009521484,74.46873474121094
2015-08-10,30.605484008789062,74.46121215820312
2015-08-11,30.458621978759766,74.10804748535156
2015-08-12,30.29707145690918,73.92769622802734
2015-08-13,30.17958641052246,74.23576354980469
2015-08-14,30.28972625732422,74.5664291381836
2015-08-17,30.363157272338867,75.03983306884766
2015-08-18,30.326438903808594,74.97220611572266
2015-08-19,29.944610595703125,74.38607788085938
2015-08-20,29.77572250366211,73.62711334228516
2015-08-21,29.02674102783203,72.32709503173828
2015-08-24,28.182302474975586,69.00568389892578
2015-08-25,27.89592742919922,67.3600082397461
2015-08-26,28.439313888549805,69.50164031982422
2015-08-27,28.835824966430664,70.33575439453125
2015-08-28,28.967998504638672,70.28316497802734
2015-08-31,28.87254524230957,69.83231353759766
2015-09-01,28.453990936279297,68.62996673583984
2015-09-02,28.564138412475586,69.39707946777344
2015-09-03,28.755050659179688,69.7681655883789
2015-09-04,28.285099029541016,68.85179901123047
2015-09-08,28.564138412475586,69.94989776611328
2015-09-09,28.123559951782227,68.78369903564453
2015-09-10,28.211668014526367,68.95787811279297
2015-09-11,28.241296768188477,69.38194274902344
2015-09-14,28.219079971313477,69.0638656616211
2015-09-15,28.515336990356445,69.71512603759766
2015-09-16,28.99677085876465,70.47999572753906
2015-09-17,29.167123794555664,70.70716857910156
2015-09-18,28.870851516723633,70.46484375
2015-09-21,29.026390075683594,70.96463012695312
2015-09-22,28.730133056640625,69.94989776611328
2015-09-23,28.707910537719727,69.97261810302734
2015-09-24,28.99677085876465,70.02562713623047
2015-09-25,29.344879150390625,70.78292083740234
2015-09-28,29.278209686279297,70.02562713623047
2015-09-29,29.374502182006836,70.457275390625
2015-09-30,29.7152099609375,71.41145324707031
2015-10-01,29.478199005126953,71.07067108154297
2015-10-02,29.915193557739258,71.30543518066406
2015-10-05,30.3743953704834,72.55496215820312
2015-10-06,30.337360382080078,73.50912475585938
2015-10-07,30.752120971679688,74.60717010498047
2015-10-08,31.09283447265625,74.94795227050781
2015-10-09,31.122451782226562,75.32656860351562
2015-10-12,31.107654571533203,75.07667541503906
2015-10-13,30.848419189453125,74.1528091430664
2015-10-14,30.87062644958496,73.82715606689453
2015-10-15,31.048398971557617,74.4254150390625
2015-10-16,31.122451782226562,75.50076293945312
2015-10-19,31.100231170654297,75.8642578125
2015-10-20,31.322437286376953,75.93238067626953
2015-10-21,31.248363494873047,75.91725158691406
2015-10-22,32.02606201171875,78.06037902832031
2015-10-23,31.692766189575195,77.5681381225586
2015-10-26,31.54464340209961,77.65142822265625
2015-10-27,31.559452056884766,77.954345703125
2015-10-28,31.648311614990234,77.80288696289062
2015-10-29,31.692766189575195,77.84834289550781
2015-10-30,31.36687660217285,77.38641357421875
2015-11-02,31.28540802001953,76.78813934326172
2015-11-03,31.22614288330078,76.42464447021484
2015-11-04,31.085430145263672,76.19746398925781
2015-11-05,31.352069854736328,76.18988800048828
2015-11-06,31.078027725219727,75.51590728759766
2015-11-09,30.766952514648438,74.87977600097656
2015-11-10,30.937286376953125,74.84193420410156
2015-11-11,31.137271881103516,75.29627990722656
2015-11-12,30.796571731567383,74.49357604980469
2015-11-13,30.6484317779541,74.2436752319336
2015-11-16,31.078027725219727,75.39474487304688
2015-11-17,30.863229751586914,74.84193420410156
2015-11-18,31.31503677368164,75.93238067626953
2015-11-19,31.929779052734375,76.43221282958984
2015-11-20,31.426132202148438,75.80365753173828
2015-11-23,31.818681716918945,76.37162780761719
2015-11-24,32.11494445800781,76.20501708984375
2015-11-25,32.11494445800781,76.10658264160156
2015-11-27,32.20450973510742,76.28833770751953
2015-11-30,31.80893898010254,75.84911346435547
2015-12-01,32.01045608520508,76.53064727783203
2015-12-02,31.920894622802734,75.86187744140625
2015-12-03,31.689533233642578,75.56446075439453
2015-12-04,32.30898666381836,77.06673431396484
2015-12-07,32.2418098449707,76.76934814453125
2015-12-08,32.10000991821289,76.3880615234375
2015-12-09,31.83879280090332,75.594970703125
2015-12-10,31.913423538208008,75.41956329345703
2015-12-11,31.5477237701416,74.56547546386719
2015-12-14,31.68206024169922,74.69511413574219
2015-12-15,32.14479446411133,75.79324340820312
2015-12-16,32.71946716308594,77.08202362060547
2015-12-17,32.458251953125,76.41092681884766
2015-12-18,31.719388961791992,74.656982421875
2015-12-21,31.928363800048828,75.20606231689453
2015-12-22,32.30898666381836,76.10589599609375
2015-12-23,32.59259796142578,76.74647521972656
2015-12-24,32.495574951171875,76.67020416259766
2015-12-28,32.458251953125,76.77698516845703
2015-12-29,32.6224479675293,77.36417388916016
2015-12-30,32.51795959472656,77.13539123535156
2015-12-31,32.06270217895508,76.19743347167969
2016-01-04,31.64474868774414,75.32044982910156
2016-01-05,31.756685256958008,75.83899688720703
2016-01-06,31.585046768188477,75.86187744140625
2016-01-07,31.06259536743164,74.40532684326172
2016-01-08,30.980491638183594,74.13082122802734
2016-01-11,31.032751083374023,74.30619049072266
2016-01-12,31.43575668334961,74.44347381591797
2016-01-13,31.234256744384766,73.58937072753906
2016-01-14,31.256643295288086,73.06317901611328
2016-01-15,30.97304344177246,71.62955474853516
2016-01-19,31.286508560180664,73.03269958496094
2016-01-20,30.883472442626953,71.50750732421875
2016-01-21,30.89093780517578,72.04134368896484
2016-01-22,31.390995025634766,73.09368133544922
2016-01-25,31.46561622619629,73.1623306274414
2016-01-26,31.405914306640625,73.45209503173828
2016-01-27,31.41338348388672,73.1623306274414
2016-01-28,31.771625518798828,74.3138427734375
2016-01-29,32.0328483581543,75.72460174560547
2016-02-01,32.09254837036133,75.51873779296875
2016-02-02,31.674598693847656,74.89338684082031
2016-02-03,31.883569717407227,75.28229522705078
2016-02-04,31.74177360534668,74.26807403564453
2016-02-05,31.674598693847656,74.21466827392578
2016-02-08,31.831327438354492,74.36719512939453
2016-02-09,32.31645584106445,74.94678497314453
2016-02-10,31.756685256958008,74.44347381591797
2016-02-11,31.652206420898438,73.89440155029297
2016-02-12,32.174652099609375,75.1069107055664
2016-02-16,32.36123275756836,75.19080352783203
2016-02-17,32.458251953125,75.91524505615234
2016-02-18,32.547821044921875,75.9686279296875
2016-02-19,32.6672248840332,75.93812561035156
2016-02-22,32.79410934448242,76.15928649902344
2016-02-23,32.60752487182617,75.90763092041016
2016-02-24,32.7717170715332,76.01438903808594
2016-02-25,32.95829772949219,76.76934814453125
2016-02-26,32.19702911376953,75.00779724121094
2016-02-29,32.1895751953125,74.59598541259766
2016-03-01,32.60752487182617,75.56446075439453
2016-03-02,32.6672248840332,75.52068328857422
2016-03-03,32.809043884277344,76.15816497802734
2016-03-04,32.92098617553711,76.80330657958984
2016-03-07,32.846351623535156,76.2272720336914
2016-03-08,33.077720642089844,76.60360717773438
2016-03-09,33.44343185424805,76.95690155029297
2016-03-10,33.75687789916992,77.40235900878906
2016-03-11,33.99757766723633,77.80943298339844
2016-03-14,34.06526565551758,77.30252838134766
2016-03-15,34.02767562866211,77.6865463256836
2016-03-16,33.88474655151367,77.44076538085938
2016-03-17,34.426307678222656,78.23951721191406
2016-03-18,34.29844665527344,77.7940673828125
2016-03-21,34.35108947753906,77.98606872558594
2016-03-22,34.223228454589844,77.39469146728516
2016-03-23,34.1931266784668,77.42540740966797
2016-03-24,34.283390045166016,77.32556915283203
2016-03-28,34.44887161254883,77.55597686767578
2016-03-29,34.960330963134766,77.85551452636719
2016-03-30,35.03555679321289,78.86932373046875
2016-03-31,34.892642974853516,78.70804595947266
2016-04-01,35.223594665527344,79.70645904541016
2016-04-04,35.26872253417969,79.73719787597656
2016-04-05,34.997947692871094,79.18421936035156
2016-04-06,35.133338928222656,79.81400299072266
2016-04-07,34.87007522583008,79.5682144165039
2016-04-08,35.25368881225586,80.70492553710938
2016-04-11,34.93024444580078,80.10584259033203
2016-04-12,35.088199615478516,80.5743637084961
2016-04-13,34.629390716552734,79.96761322021484
2016-04-14,34.471439361572266,79.23027801513672
2016-04-15,34.67451858520508,79.69877624511719
2016-04-18,34.764774322509766,79.6603775024414
2016-04-19,35.05059051513672,80.12122344970703
2016-04-20,33.37327575683594,78.67730712890625
2016-04-21,32.839263916015625,77.56366729736328
2016-04-22,33.50114822387695,78.32402038574219
2016-04-25,33.6290168762207,78.95380401611328
2016-04-26,33.493629455566406,78.80017852783203
2016-04-27,33.6064567565918,78.82323455810547
2016-04-28,33.56884765625,79.08436584472656
2016-04-29,33.696720123291016,79.07667541503906
2016-05-02,33.832096099853516,79.4376449584961
2016-05-03,33.72678756713867,79.53749084472656
2016-05-04,33.832096099853516,79.89079284667969
2016-05-05,33.892269134521484,80.03671264648438
2016-05-06,34.087833404541016,80.61274719238281
2016-05-09,34.02767562866211,80.8585205078125
2016-05-10,34.411258697509766,81.84928131103516
2016-05-11,34.1931266784668,81.1964340209961
2016-05-12,34.471439361572266,81.48829650878906
2016-05-13,34.11039733886719,80.01366424560547
2016-05-16,34.31348419189453,79.97526550292969
2016-05-17,33.65910339355469,78.62353515625
2016-05-18,33.45601272583008,77.50222778320312
2016-05-19,33.33566665649414,77.82479095458984
2016-05-20,33.057376861572266,76.88009643554688
2016-05-23,33.072425842285156,77.12586975097656
2016-05-24,33.37327575683594,77.64044952392578
2016-05-25,33.38080596923828,77.64044952392578
2016-05-26,33.61397933959961,78.26256561279297
2016-05-27,33.681663513183594,78.30863952636719
2016-05-31,33.54627990722656,77.701904296875
2016-06-01,33.621498107910156,78.59407806396484
2016-06-02,33.636539459228516,78.92682647705078
2016-06-03,33.87722396850586,79.3369140625
2016-06-06,34.12543487548828,79.46847534179688
2016-06-07,34.087833404541016,79.30596160888672
2016-06-08,34.26082992553711,79.83989715576172
2016-06-09,34.41878890991211,80.21131134033203
2016-06-10,34.59178161621094,79.94046783447266
2016-06-13,34.197654724121094,79.74703979492188
2016-06-14,34.137020111083984,79.8785629272461
2016-06-15,34.114280700683594,79.59227752685547
2016-06-16,34.34165573120117,80.35832977294922
2016-06-17,33.94753646850586,80.0178451538086
2016-06-20,34.0915412902832,79.9869155883789
2016-06-21,34.20524215698242,80.53631591796875
2016-06-22,34.00059509277344,80.2732162475586
2016-06-23,34.16733932495117,80.81487274169922
2016-06-24,33.29572677612305,78.91133117675781
2016-06-27,33.182029724121094,79.02739715576172
2016-06-28,33.48520278930664,79.03514862060547
2016-06-29,33.68226623535156,79.79344940185547
2016-06-30,34.3568229675293,81.97554016113281
2016-07-01,34.197654724121094,81.73568725585938
2016-07-05,34.4326057434082,82.34696197509766
2016-07-06,34.31134796142578,81.96009063720703
2016-07-07,34.1749267578125,83.17491912841797
2016-07-08,34.394710540771484,83.77848815917969
2016-07-11,34.538726806640625,84.27372741699219
2016-07-12,34.54631042480469,84.18087005615234
2016-07-13,34.66756820678711,85.04750061035156
2016-07-14,34.62965774536133,85.08619689941406
2016-07-15,34.58420944213867,84.85408782958984
2016-07-18,34.58420944213867,84.50585174560547
2016-07-19,34.58420944213867,84.7534408569336
2016-07-20,34.49325180053711,84.28145599365234
2016-07-21,34.44778823852539,84.01837158203125
2016-07-22,34.73578643798828,84.49039459228516
2016-07-25,34.538726806640625,84.35884094238281
2016-07-26,34.015750885009766,83.7243423461914
2016-07-27,32.89402389526367,83.16720581054688
2016-07-28,33.0835075378418,83.6701431274414
2016-07-29,33.06834411621094,84.28145599365234
2016-08-01,32.93193054199219,84.28917694091797
2016-08-02,32.99254608154297,84.12670135498047
2016-08-03,33.075931549072266,83.60052490234375
2016-08-04,32.97740173339844,83.89458465576172
2016-08-05,32.95465087890625,84.08026123046875
2016-08-08,32.92434310913086,83.67788696289062
2016-08-09,32.94707107543945,83.7862319946289
2016-08-10,33.05319595336914,84.2040786743164
2016-08-11,33.159297943115234,83.94098663330078
2016-08-12,33.37152099609375,84.02609252929688
2016-08-15,33.53068542480469,84.12670135498047
2016-08-16,33.219940185546875,83.56957244873047
2016-08-17,33.39425277709961,83.9332504272461
2016-08-18,33.42456817626953,83.7862319946289
2016-08-19,33.28814697265625,83.70111083984375
2016-08-22,33.1517219543457,83.53860473632812
2016-08-23,33.23509216308594,83.47671508789062
2016-08-24,33.23509216308594,83.6546859741211
2016-08-25,33.098663330078125,83.47671508789062
2016-08-26,32.8333854675293,83.14397430419922
2016-08-29,33.0001335144043,83.56181335449219
2016-08-30,32.772762298583984,82.958251953125
2016-08-31,32.91676330566406,83.18660736083984
2016-09-01,32.85612869262695,83.6073989868164
2016-09-02,33.09108352661133,84.05935668945312
2016-09-06,33.189613342285156,84.0983657836914
2016-09-07,33.075931549072266,83.54508209228516
2016-09-08,33.06834411621094,83.28789520263672
2016-09-09,32.037567138671875,81.08259582519531
2016-09-12,32.734859466552734,82.61772155761719
2016-09-13,32.30695724487305,81.50338745117188
2016-09-14,32.17705535888672,81.86184692382812
2016-09-15,32.36808395385742,82.1969223022461
2016-09-16,32.19997024536133,82.04107666015625
2016-09-19,32.169403076171875,82.34497833251953
2016-09-20,32.35280227661133,82.83592224121094
2016-09-21,32.497989654541016,83.48271179199219
2016-09-22,32.82654571533203,84.0203857421875
2016-09-23,32.658451080322266,83.64636993408203
2016-09-26,32.131202697753906,83.4048080444336
2016-09-27,32.54383087158203,83.76323699951172
2016-09-28,32.20762252807617,83.67752838134766
2016-09-29,32.11592483520508,83.97364807128906
2016-09-30,32.3375129699707,84.7607192993164
2016-10-03,32.11592483520508,84.35550689697266
2016-10-04,31.970739364624023,83.4593276977539
2016-10-05,31.94781494140625,82.60994720458984
2016-10-06,31.87140655517578,82.91383361816406
2016-10-07,31.886688232421875,82.59434509277344
2016-10-10,31.886688232421875,82.77356719970703
2016-10-11,31.741500854492188,82.26705932617188
2016-10-12,31.924890518188477,82.66448974609375
2016-10-13,31.909608840942383,82.539794921875
2016-10-14,31.840835571289062,83.24894714355469
2016-10-17,31.7873592376709,83.26451873779297
2016-10-18,32.07007598876953,83.34244537353516
2016-10-19,32.131202697753906,82.80474090576172
2016-10-20,32.039520263671875,82.50084686279297
2016-10-21,32.19233703613281,82.30602264404297
2016-10-24,32.52090835571289,83.62297058105469
2016-10-25,32.5056266784668,83.56063842773438
2016-10-26,32.42921829223633,83.43597412109375
2016-10-27,32.18470001220703,83.09305572509766
2016-10-28,32.26875686645508,83.43597412109375
2016-10-31,32.398651123046875,83.5372543334961
2016-11-01,32.18470001220703,83.15542602539062
2016-11-02,32.131202697753906,83.15542602539062
2016-11-03,32.11592483520508,83.09305572509766
2016-11-04,31.856117248535156,82.45405578613281
2016-11-07,32.444496154785156,83.35025787353516
2016-11-08,32.76542663574219,84.72175598144531
2016-11-09,32.29930877685547,83.57623291015625
2016-11-10,31.283031463623047,80.45915222167969
2016-11-11,31.35179901123047,80.41242218017578
2016-11-14,31.458786010742188,79.00972747802734
2016-11-15,31.66509437561035,79.36820220947266
2016-11-16,31.527545928955078,79.25908660888672
2016-11-17,31.420581817626953,79.18896484375
2016-11-18,31.26010513305664,78.94738006591797
2016-11-21,31.603965759277344,79.68768310546875
2016-11-22,31.61159896850586,80.17861938476562
2016-11-23,31.420581817626953,79.11883544921875
2016-11-25,31.73386001586914,79.61756134033203
2016-11-28,31.90196990966797,80.10071563720703
2016-11-29,31.709312438964844,79.90587615966797
2016-11-30,31.092853546142578,78.58154296875
2016-12-01,30.954158782958984,77.74156188964844
2016-12-02,31.10056495666504,78.9740219116211
2016-12-05,31.300912857055664,79.06039428710938
2016-12-06,31.26239013671875,79.71983337402344
2016-12-07,31.817203521728516,80.70896911621094
2016-12-08,31.578317642211914,80.19086456298828
2016-12-09,32.364315032958984,81.30561065673828
2016-12-12,32.287254333496094,82.2083969116211
2016-12-13,32.17937469482422,82.9227523803711
2016-12-14,31.755558013916016,82.01215362548828
2016-12-15,32.01756286621094,82.66371154785156
2016-12-16,32.16396713256836,83.11116790771484
2016-12-19,32.11001968383789,82.75003814697266
2016-12-20,32.102317810058594,82.34967803955078
2016-12-21,32.032962799072266,82.19267272949219
2016-12-22,32.01756286621094,82.70294189453125
2016-12-23,32.056095123291016,82.49883270263672
2016-12-27,32.06379699707031,82.53022003173828
2016-12-28,31.894262313842773,82.12987518310547
2016-12-29,32.056095123291016,82.42034149169922
2016-12-30,31.948198318481445,82.13772583007812
2017-01-03,32.21019744873047,82.15343475341797
2017-01-04,32.0946159362793,82.3104248046875
2017-01-05,32.171669006347656,82.20052337646484
2017-01-06,32.16396713256836,82.08280181884766
2017-01-09,31.840320587158203,81.21922302246094
2017-01-10,31.624568939208984,80.04955291748047
2017-01-11,31.632266998291016,79.92391967773438
2017-01-12,31.555204391479492,79.94747161865234
2017-01-13,31.501270294189453,79.71983337402344
2017-01-17,31.763263702392578,80.22225952148438
2017-01-18,31.817203521728516,80.65402221679688
2017-01-19,31.701614379882812,80.3556900024414
2017-01-20,31.840320587158203,81.0465316772461
2017-01-23,31.92508316040039,81.65100860595703
2017-01-24,32.287254333496094,82.20052337646484
2017-01-25,32.456790924072266,82.12203216552734
2017-01-26,32.2179069519043,81.7530746459961
2017-01-27,31.940494537353516,81.23494720458984
2017-01-30,31.886558532714844,81.39979553222656
2017-01-31,32.032962799072266,81.4704360961914
2017-02-01,31.79408073425293,80.86598205566406
2017-02-02,31.901981353759766,81.6667251586914
2017-02-03,32.00984573364258,82.5145492553711
2017-02-06,32.0252571105957,82.09062194824219
2017-02-07,32.287254333496094,82.90706634521484
2017-02-08,32.379730224609375,82.9698715209961
2017-02-09,31.7863826751709,83.18965148925781
2017-02-10,31.270090103149414,83.29171752929688
2017-02-13,31.300912857055664,83.6214370727539
2017-02-14,31.231571197509766,83.93547058105469
2017-02-15,31.16221046447754,83.7862777709961
2017-02-16,31.747854232788086,84.87747955322266
2017-02-17,31.770971298217773,84.90103149414062
2017-02-21,31.948198318481445,85.85093688964844
2017-02-22,32.056095123291016,85.89018249511719
2017-02-23,32.102317810058594,85.99221801757812
2017-02-24,32.19478225708008,86.21988677978516
2017-02-27,32.11001968383789,85.7802734375
2017-02-28,32.3334846496582,86.65164184570312
2017-03-01,32.48761749267578,86.73304748535156
2017-03-02,32.72649002075195,87.03343200683594
2017-03-03,32.73420333862305,87.38911437988281
2017-03-06,32.503021240234375,86.65400695800781
2017-03-07,32.35660934448242,86.40897369384766
2017-03-08,32.35660934448242,86.39318084716797
2017-03-09,32.38743209838867,86.17186737060547
2017-03-10,32.58778762817383,86.6224136352539
2017-03-13,32.67329788208008,86.48013305664062
2017-03-14,32.62665557861328,86.42479705810547
2017-03-15,32.74326705932617,87.8238296508789
2017-03-16,32.84431838989258,87.84757995605469
2017-03-17,32.67329788208008,88.04517364501953
2017-03-20,32.78990173339844,87.85546112060547
2017-03-21,33.038665771484375,88.34551239013672
2017-03-22,32.945377349853516,88.54312896728516
2017-03-23,32.78212356567383,88.35342407226562
2017-03-24,32.74326705932617,88.62217712402344
2017-03-27,32.898746490478516,88.39293670654297
2017-03-28,32.984256744384766,88.88301086425781
2017-03-29,32.97647476196289,88.8672103881836
2017-03-30,33.11640167236328,88.66960144042969
2017-03-31,32.99200439453125,88.41666412353516
2017-04-03,32.968692779541016,88.41666412353516
2017-04-04,33.1785888671875,88.59056854248047
2017-04-05,33.09307861328125,88.47989654541016
2017-04-06,33.17082214355469,88.19535827636719
2017-04-07,33.124168395996094,88.21907806396484
2017-04-10,33.186363220214844,88.54312896728516
2017-04-11,33.163047790527344,88.31389617919922
2017-04-12,33.380706787109375,89.79989624023438
2017-04-13,33.264102935791016,89.0648193359375
2017-04-17,33.48176956176758,89.57069396972656
2017-04-18,33.800498962402344,90.32947540283203
2017-04-19,33.60615921020508,89.80781555175781
2017-04-20,33.497318267822266,89.78408813476562
2017-04-21,33.48176956176758,89.6576156616211
2017-04-24,33.645015716552734,90.36112213134766
2017-04-25,33.51287078857422,90.23462677001953
2017-04-26,33.61393356323242,89.57859802246094
2017-04-27,33.43512725830078,89.03318786621094
2017-04-28,33.54396438598633,89.53905487060547
2017-05-01,33.598384857177734,88.7486343383789
2017-05-02,33.73054885864258,88.75655364990234
2017-05-03,33.67611312866211,88.36131286621094
2017-05-04,33.9404296875,89.28614807128906
2017-05-05,33.963748931884766,89.49164581298828
2017-05-08,34.119232177734375,89.49164581298828
2017-05-09,33.82380294799805,89.0964584350586
2017-05-10,33.870460510253906,89.1912841796875
2017-05-11,33.94820022583008,89.34935760498047
2017-05-12,33.886016845703125,89.2466049194336
2017-05-15,33.994842529296875,90.06075286865234
2017-05-16,34.0881233215332,89.94216918945312
2017-05-17,34.15032196044922,89.90264892578125
2017-05-18,34.049259185791016,90.13188934326172
2017-05-19,34.12699890136719,89.86312866210938
2017-05-22,34.344669342041016,90.66146087646484
2017-05-23,34.50791931152344,90.93810272216797
2017-05-24,35.005435943603516,91.73643493652344
2017-05-25,35.30084228515625,92.89834594726562
2017-05-26,35.2852897644043,93.19871520996094
2017-05-30,35.31637954711914,93.27777099609375
2017-05-31,35.34748840332031,93.01116943359375
2017-06-01,35.59624481201172,93.29766082763672
2017-06-02,35.67398452758789,93.64783477783203
2017-06-05,35.7517204284668,93.81497192382812
2017-06-06,35.743961334228516,93.6717300415039
2017-06-07,35.37857437133789,93.15440368652344
2017-06-08,35.08317565917969,92.23121643066406
2017-06-09,35.23087692260742,92.2710189819336
2017-06-12,35.2386589050293,92.50179290771484
2017-06-13,35.293514251708984,92.57344818115234
2017-06-14,35.50514221191406,93.40906524658203
2017-06-15,35.46595001220703,93.28173828125
2017-06-16,35.51297378540039,93.00318908691406
2017-06-19,35.567840576171875,93.34540557861328
2017-06-20,35.74810791015625,93.87065887451172
2017-06-21,35.44243621826172,93.4488754272461
2017-06-22,35.324859619140625,92.4381332397461
2017-06-23,35.46595001220703,93.08277893066406
2017-06-26,35.607017517089844,93.21012115478516
2017-06-27,35.3092041015625,92.2710189819336
2017-06-28,35.52081298828125,92.62117004394531
2017-06-29,35.13676452636719,91.6661605834961
2017-06-30,35.152435302734375,91.91287231445312
2017-07-03,35.0818977355957,91.87309265136719
2017-07-05,35.12892532348633,91.76168060302734
2017-07-06,34.799739837646484,91.6263656616211
2017-07-07,34.79190444946289,91.92880249023438
2017-07-10,34.784061431884766,90.94194793701172
2017-07-11,34.74488830566406,90.52012634277344
2017-07-12,34.88594055175781,91.33984375
2017-07-13,34.8232421875,90.74298095703125
2017-07-14,35.019187927246094,91.4671859741211
2017-07-17,35.058387756347656,91.4671859741211
2017-07-18,35.01134490966797,91.53086853027344
2017-07-19,35.13676452636719,91.79348754882812
2017-07-20,35.12892532348633,91.92880249023438
2017-07-21,35.293514251708984,92.82015228271484
2017-07-24,35.14460372924805,92.42224884033203
2017-07-25,35.4581184387207,92.6769027709961
2017-07-26,35.85000228881836,93.26582336425781
2017-07-27,36.14784240722656,93.38520812988281
2017-07-28,36.06161880493164,92.80424499511719
2017-07-31,35.928367614746094,92.80424499511719
2017-08-01,35.818641662597656,92.25508880615234
2017-08-02,35.73242950439453,92.00837707519531
2017-08-03,35.795127868652344,92.5575180053711
2017-08-04,35.66189956665039,92.61323547363281
2017-08-07,35.77162170410156,93.08277893066406
2017-08-08,35.74026107788086,92.8838119506836
2017-08-09,35.73242950439453,92.82015228271484
2017-08-10,35.85000228881836,92.62117004394531
2017-08-11,35.73242950439453,92.72463989257812
2017-08-14,35.897029876708984,93.78313446044922
2017-08-15,36.20269775390625,94.68243408203125
2017-08-16,36.210540771484375,94.78591918945312
2017-08-17,35.94404602050781,94.2208480834961
2017-08-18,35.795127868652344,93.59210968017578
2017-08-21,35.802974700927734,94.11737823486328
2017-08-22,35.74026107788086,93.84679412841797
2017-08-23,35.69324493408203,93.34540557861328
2017-08-24,35.59135055541992,92.49383544921875
2017-08-25,35.71675109863281,92.19938659667969
2017-08-28,35.59919357299805,91.95266723632812
2017-08-29,35.62270736694336,92.19140625
2017-08-30,35.5756721496582,92.28357696533203
2017-08-31,35.701072692871094,92.74842834472656
2017-09-01,35.881343841552734,92.8365478515625
2017-09-05,35.991085052490234,92.8606185913086
2017-09-06,36.022430419921875,93.24527740478516
2017-09-07,36.27323913574219,93.7582015991211
2017-09-08,36.288917541503906,92.19544219970703
2017-09-11,36.46133804321289,92.71634674072266
2017-09-12,36.61810302734375,92.16336822509766
2017-09-13,36.73566818237305,91.72258758544922
2017-09-14,36.42755889892578,91.51423645019531
2017-09-15,36.48286056518555,92.04317474365234
2017-09-18,36.42755889892578,92.15536499023438
2017-09-19,36.32486343383789,91.75465393066406
2017-09-20,36.16685485839844,91.02534484863281
2017-09-21,35.86664962768555,90.40025329589844
2017-09-22,35.937747955322266,89.6388931274414
2017-09-25,36.09575271606445,89.71102905273438
2017-09-26,36.00095748901367,89.60685729980469
2017-09-27,35.26624298095703,89.037841796875
2017-09-28,35.47954559326172,89.47062683105469
2017-09-29,35.55854034423828,89.30231475830078
2017-10-02,35.392642974853516,87.45101928710938
2017-10-03,35.700740814208984,87.45904541015625
2017-10-04,35.94566345214844,87.62731170654297
2017-10-05,35.961448669433594,88.51692962646484
2017-10-06,35.937747955322266,88.47683715820312
2017-10-09,35.87454605102539,88.16427612304688
2017-10-10,36.23795700073242,88.7813720703125
2017-10-11,36.41965866088867,89.3664321899414
2017-10-12,36.42755889892578,90.11973571777344
2017-10-13,36.48286056518555,90.25599670410156
2017-10-16,36.83047103881836,91.01734924316406
2017-10-17,36.75146484375,89.91139221191406
2017-10-18,36.656673431396484,89.71904754638672
2017-10-19,36.8067741394043,90.29605102539062
2017-10-20,36.64086151123047,89.44654846191406
2017-10-23,36.593467712402344,89.51068878173828
2017-10-24,36.48286056518555,88.75733184814453
2017-10-25,36.38016128540039,88.21239471435547
2017-10-26,36.52235794067383,88.7413101196289
2017-10-27,36.395965576171875,88.63712310791016
2017-10-30,36.23005294799805,87.87578582763672
2017-10-31,36.32486343383789,88.3405990600586
2017-11-01,36.182655334472656,88.26045227050781
2017-11-02,36.24586486816406,88.19635009765625
2017-11-03,36.31696319580078,88.33256530761719
2017-11-06,35.92195129394531,87.56322479248047
2017-11-07,36.29325485229492,88.5329360961914
2017-11-08,36.48286056518555,89.75911712646484
2017-11-09,36.52235794067383,89.3423843383789
2017-11-10,36.76727294921875,90.36017608642578
2017-11-13,36.90946578979492,91.39400482177734
2017-11-14,37.470375061035156,92.77245330810547
2017-11-15,36.980567932128906,92.24349975585938
2017-11-16,36.77516174316406,92.34770202636719
2017-11-17,36.11155700683594,91.90690612792969
2017-11-20,35.914058685302734,92.09124755859375
2017-11-21,36.16685485839844,93.0048599243164
2017-11-22,36.214263916015625,92.22747802734375
2017-11-24,36.24586486816406,92.88465118408203
2017-11-27,36.261661529541016,92.84458923339844
2017-11-28,36.20635986328125,93.58187103271484
2017-11-29,35.94566345214844,93.63796997070312
2017-11-30,36.455406188964844,94.02936553955078
2017-12-01,36.61471176147461,94.23918914794922
2017-12-04,36.8217887878418,94.78794860839844
2017-12-05,36.84569549560547,94.89283752441406
2017-12-06,36.99702453613281,95.94998168945312
2017-12-07,36.4633674621582,94.1988525390625
2017-12-08,36.08901596069336,94.06974029541016
2017-12-11,36.10495376586914,94.73143768310547
2017-12-12,36.07309341430664,94.73950958251953
2017-12-13,36.558956146240234,95.06231689453125
2017-12-14,36.66249465942383,95.23985290527344
2017-12-15,36.78993606567383,96.20821380615234
2017-12-18,36.58284378051758,95.2640609741211
2017-12-19,36.74214172363281,95.71595764160156
2017-12-20,36.70232391357422,96.04681396484375
2017-12-21,36.32000732421875,95.43351745605469
2017-12-22,36.31204605102539,95.70789337158203
2017-12-26,36.48726272583008,95.94192504882812
2017-12-27,36.58284378051758,96.27279663085938
2017-12-28,36.41558074951172,96.31312561035156
2017-12-29,36.543025970458984,96.77308654785156
2018-01-02,36.272216796875,95.27210235595703
2018-01-03,36.19256591796875,95.02196502685547
2018-01-04,36.70232391357422,95.4900131225586
2018-01-05,36.694358825683594,95.76437377929688
2018-01-08,36.63859176635742,95.21563720703125
2018-01-09,36.8217887878418,95.28826141357422
2018-01-10,36.694358825683594,94.80406188964844
2018-01-11,36.67046356201172,94.31991577148438
2018-01-12,36.75806427001953,94.72337341308594
2018-01-16,37.06073760986328,95.11072540283203
2018-01-17,37.29172134399414,96.17594146728516
2018-01-18,37.339515686035156,96.07103729248047
2018-01-19,37.56252670288086,96.97486877441406
2018-01-22,37.73776626586914,98.05619812011719
2018-01-23,37.79352569580078,97.88673400878906
2018-01-24,38.09619140625,97.75762939453125
2018-01-25,38.10414123535156,97.56394958496094
2018-01-26,38.65372085571289,98.25794219970703
2018-01-29,37.99264144897461,96.57136535644531
2018-01-30,37.761653900146484,96.7489013671875
2018-01-31,37.905025482177734,97.07977294921875
2018-02-01,37.79352569580078,97.07977294921875
2018-02-02,37.22004318237305,95.76437377929688
2018-02-05,35.75449752807617,92.36700439453125
2018-02-06,35.57926559448242,91.64070129394531
2018-02-07,35.49165344238281,91.59228515625
2018-02-08,34.32877731323242,88.8888931274414
2018-02-09,34.35268020629883,89.72008514404297
2018-02-12,35.021724700927734,90.32532501220703
2018-02-13,35.19695281982422,90.49480438232422
2018-02-14,35.12526321411133,88.04963684082031
2018-02-15,35.6668815612793,89.5506362915039
2018-02-16,35.826171875,89.62326049804688
2018-02-20,35.037654876708984,88.34823608398438
2018-02-21,34.519935607910156,87.15392303466797
2018-02-22,34.66329574584961,88.17072296142578
2018-02-23,35.077476501464844,88.5096435546875
2018-02-26,35.06951904296875,89.52640533447266
2018-02-27,34.74294662475586,89.48606872558594
2018-02-28,34.424354553222656,88.54997253417969
2018-03-01,34.59162139892578,87.89556121826172
2018-03-02,34.82259750366211,88.6434555053711
2018-03-05,34.95801544189453,88.96052551269531
2018-03-06,34.98986053466797,89.08247375488281
2018-03-07,34.902252197265625,89.29381561279297
2018-03-08,35.40403747558594,91.11481475830078
2018-03-09,35.6987419128418,91.48876953125
2018-03-12,35.4677619934082,91.65947723388672
2018-03-13,35.49961471557617,92.3504867553711
2018-03-14,35.17820358276367,91.54568481445312
2018-03-15,35.08981704711914,91.04167175292969
2018-03-16,34.92108154296875,90.75714111328125
2018-03-19,34.7603759765625,89.71653747558594
2018-03-20,34.68001937866211,89.34261322021484
2018-03-21,34.551448822021484,88.39958953857422
2018-03-22,34.35861587524414,87.74923706054688
2018-03-23,34.01311492919922,86.29405975341797
2018-03-26,34.30236053466797,86.83061981201172
2018-03-27,34.46306610107422,87.50534057617188
2018-03-28,34.80857849121094,88.75727081298828
2018-03-29,34.896968841552734,88.73287963867188
2018-04-02,34.28629684448242,87.02570343017578
2018-04-03,34.85679244995117,87.95244598388672
2018-04-04,35.54782485961914,89.57022094726562
2018-04-05,35.676395416259766,89.88727569580078
2018-04-06,35.29069900512695,88.85485076904297
2018-04-09,35.2183837890625,88.91985321044922
2018-04-10,35.34694290161133,88.93612670898438
2018-04-11,35.34694290161133,88.3508071899414
2018-04-12,35.37908172607422,88.05001068115234
2018-04-13,35.764774322509766,88.82234191894531
2018-04-16,35.901390075683594,89.35884857177734
2018-04-17,36.06208038330078,88.5052719116211
2018-04-18,35.764774322509766,86.96881103515625
2018-04-19,35.604068756103516,85.82254791259766
2018-04-20,35.14606475830078,83.31055450439453
2018-04-23,35.33890914916992,83.3918228149414
2018-04-24,34.607704162597656,82.46508026123047
2018-04-25,34.09345245361328,82.22933197021484
2018-04-26,34.3505744934082,83.94464111328125
2018-04-27,34.800540924072266,82.6845703125
2018-04-30,34.72019577026367,82.0586166381836
2018-05-01,34.22201919555664,80.58719635009766
2018-05-02,33.796146392822266,79.0426025390625
2018-05-03,33.65955352783203,79.34337615966797
2018-05-04,34.037208557128906,80.47337341308594
2018-05-07,33.86042785644531,79.85553741455078
2018-05-08,33.59527587890625,78.68489837646484
2018-05-09,33.57115936279297,78.17272186279297
2018-05-10,33.892574310302734,79.07511138916016
2018-05-11,33.86042785644531,79.20516204833984
2018-05-14,33.78007507324219,78.97756958007812
2018-05-15,33.522953033447266,78.69303894042969
2018-05-16,33.386348724365234,79.01007080078125
2018-05-17,33.98899841308594,79.6034927368164
2018-05-18,33.892574310302734,79.27021026611328
2018-05-21,34.07738494873047,80.89612579345703
2018-05-22,33.94882583618164,81.237548828125
2018-05-23,34.06934356689453,81.66027069091797
2018-05-24,34.00507736206055,81.44078063964844
2018-05-25,34.06934356689453,81.54647064208984
2018-05-29,34.29433822631836,82.18867492675781
2018-05-30,34.65591049194336,82.78213500976562
2018-05-31,34.551448822021484,82.2472152709961
2018-06-01,34.64787673950195,82.2472152709961
2018-06-04,34.94518280029297,82.14058685302734
2018-06-05,34.63984680175781,82.21439361572266
2018-06-06,34.92108154296875,82.72306060791016
2018-06-07,34.90501022338867,82.99380493164062
2018-06-08,35.31480407714844,84.08497619628906
2018-06-11,35.459442138671875,84.67567443847656
2018-06-12,35.684425354003906,85.71760559082031
2018-06-13,35.49961853027344,86.36575317382812
2018-06-14,35.32938003540039,86.25086975097656
2018-06-15,35.76713943481445,88.28553771972656
2018-06-18,35.305049896240234,86.45600128173828
2018-06-19,35.34558868408203,86.93183135986328
2018-06-20,35.06996154785156,86.80874633789062
2018-06-21,34.93214416503906,87.98198699951172
2018-06-22,35.06184768676758,88.90904998779297
2018-06-25,35.32938003540039,89.41769409179688
2018-06-26,35.126708984375,88.64651489257812
2018-06-27,34.91592788696289,88.82698059082031
2018-06-28,35.24018859863281,89.16336822509766
2018-06-29,35.55637741088867,89.31925964355469
2018-07-02,35.46719741821289,89.8607177734375
2018-07-03,35.66175079345703,89.2618408203125
2018-07-05,36.20490264892578,89.87715148925781
2018-07-06,36.188697814941406,89.8853530883789
2018-07-09,35.994140625,88.40857696533203
2018-07-10,36.456214904785156,92.6173324584961
2018-07-11,36.310302734375,92.3302230834961
2018-07-12,36.2130126953125,91.5015869140625
2018-07-13,36.2697639465332,92.45325469970703
2018-07-16,36.26165771484375,92.67477416992188
2018-07-17,36.68320846557617,94.24999237060547
2018-07-18,36.57781982421875,94.2089614868164
2018-07-19,36.56971740722656,94.98016357421875
2018-07-20,36.707523345947266,95.17706298828125
2018-07-23,36.44000244140625,93.84798431396484
2018-07-24,36.691307067871094,94.1351318359375
2018-07-25,37.36417007446289,94.52071380615234
2018-07-26,37.485782623291016,94.34843444824219
2018-07-27,37.46145248413086,93.75772094726562
2018-07-30,37.4776725769043,93.67569732666016
2018-07-31,37.80194854736328,94.34843444824219
2018-08-01,37.60739517211914,93.20803833007812
2018-08-02,37.437129974365234,94.09413146972656
2018-08-03,37.79383850097656,95.41497039794922
2018-08-06,37.818153381347656,96.301025390625
2018-08-07,37.69655990600586,93.70851135253906
2018-08-08,37.41280746459961,93.10960388183594
2018-08-09,37.574954986572266,93.28189086914062
2018-08-10,37.3560676574707,92.6009521484375
2018-08-13,37.15339660644531,92.7240219116211
2018-08-14,37.20204162597656,92.78960418701172
2018-08-15,37.3560676574707,93.07678985595703
2018-08-16,37.469566345214844,93.73311614990234
2018-08-17,37.77762222290039,94.31562042236328
2018-08-20,37.88301467895508,94.21717071533203
2018-08-21,37.469566345214844,93.29830169677734
2018-08-22,37.234474182128906,92.08406829833984
2018-08-23,37.048011779785156,91.82974243164062
2018-08-24,36.99126434326172,92.01023864746094
2018-08-27,37.03990936279297,92.22355651855469
2018-08-28,36.78048324584961,91.20620727539062
2018-08-29,36.7480583190918,91.92820739746094
2018-08-30,36.44000244140625,91.85435485839844
2018-08-31,36.131935119628906,91.89539337158203
2018-09-04,36.285972595214844,91.0667495727539
2018-09-05,36.78859329223633,92.80604553222656
2018-09-06,37.104759216308594,93.88802337646484
2018-09-07,37.06422805786133,93.25933837890625
2018-09-10,37.33985137939453,93.9459457397461
2018-09-11,37.307430267333984,93.74739074707031
2018-09-12,37.485782623291016,94.17758178710938
2018-09-13,37.46942901611328,95.12056732177734
2018-09-14,37.600242614746094,94.77311706542969
2018-09-17,37.870033264160156,95.45973205566406
2018-09-18,37.55118179321289,94.28510284423828
2018-09-19,37.57571792602539,94.11137390136719
2018-09-20,38.13165283203125,95.31082153320312
2018-09-21,38.082611083984375,95.05439758300781
2018-09-24,37.6656494140625,92.87055969238281
2018-09-25,37.346797943115234,92.62240600585938
2018-09-26,37.485774993896484,92.23362731933594
2018-09-27,37.6165885925293,91.86138153076172
2018-09-28,37.76374816894531,92.48177337646484
2018-10-01,37.79645919799805,91.58010864257812
2018-10-02,38.02538299560547,89.93400573730469
2018-10-03,37.50212860107422,88.94131469726562
2018-10-04,37.485774993896484,88.18858337402344
2018-10-05,37.51030731201172,88.08930969238281
2018-10-08,38.00083923339844,89.49555969238281
2018-10-09,37.92726516723633,89.43767547607422
2018-10-10,37.346797943115234,88.79243469238281
2018-10-11,36.49651336669922,86.90637969970703
2018-10-12,36.52922058105469,87.08837127685547
2018-10-15,36.71725845336914,87.3779067993164
2018-10-16,37.19144821166992,88.83378601074219
2018-10-17,37.493961334228516,89.5948257446289
2018-10-18,37.28956604003906,89.2804946899414
2018-10-19,37.878211975097656,91.23271179199219
2018-10-22,37.58388900756836,90.49649047851562
2018-10-23,37.902740478515625,91.10032653808594
2018-10-24,38.20524978637695,93.44134521484375
2018-10-25,38.02538299560547,93.350341796875
2018-10-26,37.54300308227539,91.36505889892578
2018-10-29,37.98450469970703,93.3834457397461
2018-10-30,38.9410514831543,94.11137390136719
2018-10-31,39.14546203613281,92.96155548095703
2018-11-01,39.03099060058594,92.24189758300781
2018-11-02,39.24356460571289,91.96063232421875
2018-11-05,39.80768585205078,94.624267578125
2018-11-06,40.151058197021484,95.30253601074219
2018-11-07,40.36363220214844,95.63346099853516
2018-11-08,40.330936431884766,96.00566101074219
2018-11-09,40.617088317871094,97.18030548095703
2018-11-12,40.77242660522461,96.75846862792969
2018-11-13,40.76424789428711,96.8990707397461
2018-11-14,40.682491302490234,96.49372863769531
2018-11-15,40.666141510009766,96.61782836914062
2018-11-16,41.017696380615234,97.89999389648438
2018-11-19,41.29567337036133,98.44593048095703
2018-11-20,40.37181854248047,95.95604705810547
2018-11-21,39.84039306640625,95.36046600341797
2018-11-23,40.077484130859375,95.46802520751953
2018-11-26,39.9548454284668,95.8402328491211
2018-11-27,40.36363220214844,96.32003784179688
2018-11-28,40.64161682128906,98.02408599853516
2018-11-29,40.361446380615234,97.83380126953125
2018-11-30,41.531578063964844,100.86966705322266
2018-12-03,40.946510314941406,98.42111206054688
2018-12-04,40.855857849121094,97.44506072998047
2018-12-06,40.69105529785156,97.41834259033203
2018-12-07,40.452083587646484,96.56788635253906
2018-12-10,40.57569122314453,96.87641143798828
2018-12-11,40.822906494140625,97.7935562133789
2018-12-12,40.559207916259766,97.55174255371094
2018-12-13,40.765228271484375,98.67736053466797
2018-12-14,40.65809631347656,95.00873565673828
2018-12-17,39.8258171081543,94.10826873779297
2018-12-18,39.81757736206055,93.24945831298828
2018-12-19,39.47147750854492,91.74867248535156
2018-12-20,39.174827575683594,91.89039611816406
2018-12-21,39.199546813964844,91.23174285888672
2018-12-24,37.87285232543945,88.40524291992188
2018-12-26,38.68040084838867,90.32292175292969
2018-12-27,39.16658401489258,91.23174285888672
2018-12-28,38.8946533203125,92.01547241210938
2018-12-31,39.01826095581055,92.11553955078125
2019-01-02,38.67217254638672,91.11499786376953
2019-01-03,38.433189392089844,90.2645492553711
2019-01-04,39.199546813964844,92.11553955078125
2019-01-07,38.688636779785156,91.32343292236328
2019-01-08,39.1253776550293,92.19890594482422
2019-01-09,38.3754997253418,89.62254333496094
2019-01-10,38.78752517700195,90.1728286743164
2019-01-11,39.010032653808594,90.18116760253906
2019-01-14,38.85345458984375,89.48080444335938
2019-01-15,39.199546813964844,90.8731918334961
2019-01-16,38.663909912109375,90.33123779296875
2019-01-17,38.77928924560547,91.06497192382812
2019-01-18,39.23250961303711,91.773681640625
2019-01-22,39.32315444946289,91.64027404785156
2019-01-23,39.7763671875,92.32398223876953
2019-01-24,39.298431396484375,91.29844665527344
2019-01-25,39.03473663330078,91.17335510253906
2019-01-28,38.86992263793945,90.7314682006836
2019-01-29,39.0594596862793,90.88155364990234
2019-01-30,39.43852233886719,92.39901733398438
2019-01-31,39.6610107421875,93.94149017333984
2019-02-01,40.130714416503906,93.54129791259766
2019-02-04,40.58393859863281,94.29170227050781
2019-02-05,40.5921745300293,94.1332778930664
2019-02-06,40.5921745300293,94.25833892822266
2019-02-07,40.72401428222656,94.29170227050781
2019-02-08,40.789947509765625,94.23332214355469
2019-02-11,40.88059997558594,94.19163513183594
2019-02-12,40.921783447265625,94.87532043457031
2019-02-13,41.02891159057617,95.15047454833984
2019-02-14,37.56794738769531,93.8747787475586
2019-02-15,37.279541015625,96.64292907714844
2019-02-19,36.941680908203125,96.65961456298828
2019-02-20,37.16415786743164,96.57622528076172
2019-02-21,37.79045104980469,96.80134582519531
2019-02-22,37.312503814697266,97.35164642333984
2019-02-25,37.03232192993164,96.76798248291016
2019-02-26,36.82630920410156,96.69296264648438
2019-02-27,37.03232192993164,96.19269561767578
2019-02-28,37.361942291259766,97.19966125488281
2019-03-01,37.3948974609375,97.6535415649414
2019-03-04,37.617393493652344,97.64513397216797
2019-03-05,37.57618713378906,97.52745819091797
2019-03-06,37.45257568359375,98.05702209472656
2019-03-07,37.312503814697266,97.58631896972656
2019-03-08,36.949920654296875,96.85504150390625
2019-03-11,38.05413055419922,97.9981689453125
2019-03-12,37.946998596191406,97.9813461303711
2019-03-13,38.087093353271484,97.98976135253906
2019-03-14,37.98734664916992,97.08199310302734
2019-03-15,37.65484619140625,97.21646118164062
2019-03-18,37.74628829956055,98.56974029541016
2019-03-19,37.870975494384766,99.25895690917969
2019-03-20,37.846031188964844,99.45228576660156
2019-03-21,37.829410552978516,100.3936996459961
2019-03-22,38.17852783203125,101.46959686279297
2019-03-25,38.261653900146484,101.578857421875
2019-03-26,38.76871109008789,102.5622787475586
2019-03-27,38.7437629699707,102.4530029296875
2019-03-28,38.71882629394531,102.41095733642578
2019-03-29,38.951576232910156,103.00776672363281
2019-04-01,38.83519744873047,102.54546356201172
2019-04-02,38.71051025390625,102.27650451660156
2019-04-03,38.3863410949707,102.17562866210938
2019-04-04,38.63570022583008,102.09998321533203
2019-04-05,38.62739562988281,102.22607421875
2019-04-08,38.693885803222656,102.54546356201172
2019-04-09,38.793636322021484,102.68834686279297
2019-04-10,38.76871109008789,102.5790786743164
2019-04-11,38.82688903808594,102.2680892944336
2019-04-12,38.85181427001953,102.73880767822266
2019-04-15,39.06794357299805,103.94075775146484
2019-04-16,39.02638626098633,102.89009857177734
2019-04-17,39.300689697265625,106.75656127929688
2019-04-18,39.466941833496094,106.82380676269531
2019-04-22,39.40044403076172,106.27745056152344
2019-04-23,40.07373809814453,106.82380676269531
2019-04-24,39.88256072998047,106.68091583251953
2019-04-25,39.76618194580078,106.01689147949219
2019-04-26,40.115291595458984,106.24382781982422
2019-04-29,40.248291015625,106.48760223388672
2019-04-30,40.780277252197266,107.63072204589844
2019-05-01,40.38960647583008,106.94986724853516
2019-05-02,40.22336959838867,106.60527038574219
2019-05-03,40.4976692199707,107.31130981445312
2019-05-06,40.28985595703125,106.97509765625
2019-05-07,39.89918518066406,105.89080810546875
2019-05-08,39.774497985839844,105.92444610595703
2019-05-09,39.40044403076172,105.94963836669922
2019-05-10,40.05712127685547,107.59709930419922
2019-05-13,39.940738677978516,106.88262939453125
2019-05-14,40.47271728515625,107.09278106689453
2019-05-15,40.880043029785156,108.72342681884766
2019-05-16,41.2125244140625,109.49671173095703
2019-05-17,40.89665985107422,109.69844055175781
2019-05-20,40.60573196411133,109.26138305664062
2019-05-21,40.397918701171875,108.47126007080078
2019-05-22,41.27071762084961,109.32862091064453
2019-05-23,41.436954498291016,109.24456024169922
2019-05-24,41.23747634887695,108.8495101928711
2019-05-28,40.813541412353516,107.2776870727539
2019-05-29,40.4062385559082,107.73157501220703
2019-05-30,40.93822479248047,108.1014175415039
2019-05-31,40.83847427368164,107.58869171142578
2019-06-03,41.54502487182617,108.41240692138672
2019-06-04,41.561641693115234,108.48807525634766
2019-06-05,42.21000289916992,110.43810272216797
2019-06-06,42.72537612915039,111.74623107910156
2019-06-07,42.800193786621094,113.00780487060547
2019-06-10,42.70875549316406,113.10942840576172
2019-06-11,42.66718673706055,112.77920532226562
2019-06-12,42.924861907958984,112.7283935546875
2019-06-13,42.83272171020508,112.55905151367188
2019-06-14,42.9835090637207,112.3812484741211
2019-06-17,42.614898681640625,112.20346069335938
2019-06-18,42.42222595214844,111.81398010253906
2019-06-19,42.824337005615234,112.4828872680664
2019-06-20,43.276710510253906,113.59203338623047
2019-06-21,43.18456268310547,113.42268371582031
2019-06-24,43.49451446533203,113.57511901855469
2019-06-25,43.36048126220703,113.29569244384766
2019-06-26,42.824337005615234,112.03412628173828
2019-06-27,42.790836334228516,111.50070190429688
2019-06-28,42.65678405761719,111.02657318115234
2019-07-01,43.2264404296875,111.6530990600586
2019-07-02,43.54478073120117,112.12725830078125
2019-07-03,43.645301818847656,113.44810485839844
2019-07-05,43.653682708740234,112.62679290771484
2019-07-08,43.56154251098633,112.23731994628906
2019-07-09,43.21806716918945,111.54304504394531
2019-07-10,43.4107551574707,113.80370330810547
2019-07-11,43.595054626464844,113.75291442871094
2019-07-12,43.66206359863281,112.84691619873047
2019-07-15,43.67044448852539,113.58356475830078
2019-07-16,43.67882537841797,113.2872314453125
2019-07-17,43.712318420410156,112.42359161376953
2019-07-18,43.58666229248047,112.50827026367188
2019-07-19,43.05051803588867,110.14601135253906
2019-07-22,42.90810775756836,110.30685424804688
2019-07-23,45.513423919677734,110.69634246826172
2019-07-24,45.052677154541016,109.40091705322266
2019-07-25,44.45790100097656,109.21464538574219
2019-07-26,45.3793830871582,111.1027603149414
2019-07-29,45.22860336303711,111.365234375
2019-07-30,45.00242233276367,110.4761962890625
2019-07-31,44.089298248291016,108.21553039550781
2019-08-01,43.58666229248047,107.64824676513672
2019-08-02,43.83799362182617,108.30867767333984
2019-08-05,43.26833724975586,105.32833862304688
2019-08-06,43.787723541259766,107.06403350830078
2019-08-07,44.550045013427734,108.19015502929688
2019-08-08,44.9772834777832,109.62106323242188
2019-08-09,44.7510986328125,108.88443756103516
2019-08-12,44.566802978515625,108.67276763916016
2019-08-13,44.818119049072266,110.01052856445312
2019-08-14,44.39087677001953,109.32472229003906
2019-08-15,45.12807083129883,110.67940521240234
2019-08-16,45.5804443359375,111.55998229980469
2019-08-19,45.815006256103516,112.24580383300781
2019-08-20,45.136451721191406,111.81398010253906
2019-08-21,45.32074737548828,112.0510482788086
2019-08-22,45.647464752197266,112.32200622558594
2019-08-23,45.0191650390625,110.29841613769531
2019-08-26,45.689353942871094,113.2364273071289
2019-08-27,45.840145111083984,114.10005187988281
2019-08-28,46.16685485839844,114.464111328125
2019-08-29,46.1165885925293,115.16690063476562
2019-08-30,46.10821533203125,115.76800537109375
2019-09-03,46.32601547241211,116.3861083984375
2019-09-04,46.71974182128906,117.81697845458984
2019-09-05,46.175228118896484,115.92864990234375
2019-09-06,46.26737976074219,117.11369323730469
2019-09-09,45.672603607177734,116.28672790527344
2019-09-10,45.57206726074219,115.82637786865234
2019-09-11,45.88201904296875,116.25260162353516
2019-09-12,46.16685485839844,117.04544830322266
2019-09-13,45.7871208190918,116.32083892822266
2019-09-16,45.53396224975586,114.99083709716797
2019-09-17,45.770240783691406,115.68989562988281
2019-09-18,45.761802673339844,115.51941680908203
2019-09-19,46.006526947021484,115.50235748291016
2019-09-20,45.49177169799805,114.84591674804688
2019-09-23,45.68585205078125,115.46826934814453
2019-09-24,45.82087326049805,115.40007781982422
2019-09-25,45.71116638183594,115.16989135742188
2019-09-26,45.896820068359375,115.70698547363281
2019-09-27,45.829322814941406,115.60468292236328
2019-09-30,45.939002990722656,116.88349151611328
2019-10-01,46.1162223815918,117.11369323730469
2019-10-02,44.791385650634766,114.18944549560547
2019-10-03,45.432708740234375,117.59110260009766
2019-10-04,46.023399353027344,119.59454345703125
2019-10-07,45.458011627197266,117.94063568115234
2019-10-08,45.21331024169922,117.00284576416016
2019-10-09,45.42426300048828,117.5229263305664
2019-10-10,45.28080749511719,117.5569839477539
2019-10-11,44.977027893066406,117.34383392333984
2019-10-14,44.977027893066406,117.18189239501953
2019-10-15,45.154232025146484,116.22702026367188
2019-10-16,45.137367248535156,116.30376434326172
2019-10-17,45.39052200317383,116.7641372680664
2019-10-18,46.225929260253906,116.15882873535156
2019-10-21,45.761802673339844,116.04801940917969
2019-10-22,45.4411506652832,116.5083999633789
2019-10-23,46.107784271240234,117.18189239501953
2019-10-24,46.08246612548828,117.5569839477539
2019-10-25,45.356754302978516,116.49130249023438
2019-10-28,45.20486831665039,116.431640625
2019-10-29,45.069854736328125,116.013916015625
2019-10-30,45.51708221435547,116.7129898071289
2019-10-31,45.930572509765625,116.94316864013672
2019-11-01,45.48333740234375,116.738525390625
2019-11-04,44.84201431274414,115.22956085205078
2019-11-05,44.234439849853516,114.2491455078125
2019-11-06,44.55510330200195,114.61573028564453
2019-11-07,44.12474822998047,113.66087341308594
2019-11-08,44.05723190307617,113.49893188476562
2019-11-11,43.7450065612793,112.8680191040039
2019-11-12,43.635318756103516,112.51847076416016
2019-11-13,44.22600555419922,113.63529968261719
2019-11-14,44.41165542602539,113.6694107055664
2019-11-15,44.44540023803711,114.07862091064453
2019-11-18,44.749183654785156,114.29175567626953
2019-11-19,44.791385650634766,114.72654724121094
2019-11-20,44.909523010253906,114.01897430419922
2019-11-21,44.69011688232422,114.16388702392578
2019-11-22,44.749183654785156,114.30028533935547
2019-11-25,44.909523010253906,114.09568786621094
2019-11-26,45.48333740234375,115.68989562988281
2019-11-27,45.5255241394043,115.86896514892578
2019-11-29,45.39800262451172,115.80076599121094
2019-12-02,45.69554901123047,115.84339904785156
2019-12-03,45.73807144165039,115.4853286743164
2019-12-04,46.15464782714844,117.05398559570312
2019-12-05,46.069618225097656,117.04971313476562
2019-12-06,46.265159606933594,117.92537689208984
2019-12-09,45.96760940551758,117.75367736816406
2019-12-10,45.712562561035156,116.9896240234375
2019-12-11,45.8655891418457,117.7021713256836
2019-12-12,46.02711868286133,117.77084350585938
2019-12-13,46.265159606933594,118.42332458496094
2019-12-16,46.265159606933594,117.6678466796875
2019-12-17,46.265159606933594,116.90375518798828
2019-12-18,45.831581115722656,116.73204803466797
2019-12-19,46.18014144897461,117.16128540039062
2019-12-20,46.73274230957031,118.4061508178711
2019-12-23,46.681724548339844,117.65067291259766
2019-12-24,46.511695861816406,117.52188110351562
2019-12-26,46.77524185180664,117.35018157958984
2019-12-27,47.05580139160156,118.07991027832031
2019-12-30,46.98778533935547,117.45317077636719
2019-12-31,47.05580139160156,117.33299255371094
2020-01-02,46.74974822998047,116.6032943725586
2020-01-03,46.49469757080078,116.44014739990234
2020-01-06,46.47770690917969,116.88660430908203
2020-01-07,46.120628356933594,115.04937744140625
2020-01-08,46.20564270019531,115.6417236328125
2020-01-09,47.047298431396484,115.71900177001953
2020-01-10,47.208824157714844,115.49579620361328
2020-01-13,47.71891784667969,117.21279907226562
2020-01-14,47.608394622802734,117.48754119873047
2020-01-15,48.2035026550293,119.50504302978516
2020-01-16,48.30552673339844,119.85706329345703
2020-01-17,48.407535552978516,121.27359771728516
2020-01-21,48.60306930541992,121.78868865966797
2020-01-22,48.97713851928711,123.09364318847656
2020-01-23,49.16417694091797,123.32543182373047
2020-01-24,49.03664779663086,122.69872283935547
2020-01-27,48.866607666015625,122.02908325195312
2020-01-28,48.46704864501953,122.2866439819336
2020-01-29,48.46704864501953,121.67710876464844
2020-01-30,50.03982925415039,123.47998046875
2020-01-31,49.64875411987305,121.92605590820312
2020-02-03,49.80178451538086,122.34675598144531
2020-02-04,50.02281188964844,122.956298828125
2020-02-05,50.03131866455078,123.88346862792969
2020-02-06,50.15034484863281,123.90918731689453
2020-02-07,50.320377349853516,124.8021011352539
2020-02-10,50.79646301269531,125.0510482788086
2020-02-11,50.66044616699219,125.41158294677734
2020-02-12,50.50740432739258,125.41158294677734
2020-02-13,50.67743682861328,125.7464599609375
2020-02-14,50.966487884521484,126.19286346435547
2020-02-18,50.60942459106445,124.99951934814453
2020-02-19,50.81345748901367,124.93944549560547
2020-02-20,50.770957946777344,124.62178802490234
2020-02-21,51.11951446533203,125.21416473388672
2020-02-24,49.861305236816406,122.4583511352539
2020-02-25,49.15567398071289,121.13623046875
2020-02-26,48.968631744384766,121.8917007446289
2020-02-27,46.6987419128418,117.07546997070312
2020-02-28,45.474525451660156,113.3494873046875
2020-03-02,47.540382385253906,118.11422729492188
2020-03-03,47.65941619873047,116.39723205566406
2020-03-04,50.09082794189453,122.24375915527344
2020-03-05,48.23749923706055,119.36124420166016
2020-03-06,46.97929382324219,118.63519287109375
2020-03-09,44.08877182006836,112.49861145019531
2020-03-10,45.619041442871094,115.9385986328125
2020-03-11,44.38632583618164,112.14424896240234
2020-03-12,40.09306335449219,99.68953704833984
2020-03-13,41.568153381347656,110.15632629394531
2020-03-16,38.81523513793945,97.74482727050781
2020-03-17,40.46183776855469,110.38970184326172
2020-03-18,38.46361541748047,104.51239776611328
2020-03-19,35.8736572265625,101.41815185546875
2020-03-20,32.8463020324707,89.82775115966797
2020-03-23,32.211673736572266,90.90813446044922
2020-03-24,33.83255386352539,98.39305877685547
2020-03-25,35.68497848510742,97.2348861694336
2020-03-26,37.98336410522461,103.94194793701172
2020-03-27,36.7140998840332,104.11480712890625
2020-03-30,38.592262268066406,108.45364379882812
2020-03-31,37.94905090332031,103.80365753173828
2020-04-01,36.12236022949219,102.09232330322266
2020-04-02,37.69178009033203,107.05345153808594
2020-04-03,37.58885955810547,107.68439483642578
2020-04-06,40.02446365356445,113.36293029785156
2020-04-07,39.88724136352539,112.77517700195312
2020-04-08,41.01070022583008,114.6161880493164
2020-04-09,42.02268600463867,115.4977798461914
2020-04-13,40.247440338134766,113.12955474853516
2020-04-14,41.95406723022461,119.62051391601562
2020-04-15,40.83061599731445,116.7077865600586
2020-04-16,40.393226623535156,117.23503112792969
2020-04-17,41.21653747558594,118.88587188720703
2020-04-20,39.904396057128906,116.2929458618164
2020-04-21,38.918148040771484,113.17276763916016
2020-04-22,39.17543411254883,114.62480926513672
2020-04-23,38.65229415893555,112.58502197265625
2020-04-24,38.96104049682617,116.12871551513672
2020-04-27,40.118797302246094,116.21516418457031
2020-04-28,40.084503173828125,117.8227767944336
2020-04-29,40.41038131713867,115.26441955566406
2020-04-30,39.355525970458984,114.33959197998047
2020-05-01,39.106815338134766,112.48131561279297
2020-05-04,38.71232986450195,113.15550231933594
2020-05-05,38.93529510498047,113.80370330810547
2020-05-06,38.37785339355469,113.03447723388672
2020-05-07,38.24921417236328,113.69998931884766
2020-05-08,39.54420852661133,116.01634979248047
2020-05-11,39.05537414550781,116.14599609375
2020-05-12,38.437896728515625,114.90138244628906
2020-05-13,37.68320083618164,114.91866302490234
2020-05-14,37.47737503051758,115.02238464355469
2020-05-15,37.10001754760742,117.5029525756836
2020-05-18,38.56653594970703,117.1313247680664
2020-05-19,38.19776916503906,113.85556030273438
2020-05-20,39.355525970458984,113.44934844970703
2020-05-21,38.7380485534668,112.5418472290039
2020-05-22,38.61798858642578,112.77517700195312
2020-05-26,39.52705764770508,112.14424896240234
2020-05-27,40.07592010498047,113.06041717529297
2020-05-28,40.38466262817383,114.33959197998047
2020-05-29,40.03303909301758,113.69998931884766
2020-06-01,40.29888916015625,114.94462585449219
2020-06-02,40.221717834472656,114.63347625732422
2020-06-03,41.07931137084961,114.79766845703125
2020-06-04,41.096473693847656,113.72895050048828
2020-06-05,42.09987258911133,115.35773468017578
2020-06-08,42.751644134521484,115.15742492675781
2020-06-09,42.02268600463867,115.81938934326172
2020-06-10,41.69679260253906,116.82978057861328
2020-06-11,39.05537414550781,111.35104370117188
2020-06-12,39.462100982666016,112.3614501953125
2020-06-15,40.06787872314453,113.65052795410156
2020-06-16,40.47461700439453,114.68704223632812
2020-06-17,40.31019592285156,114.76545715332031
2020-06-18,40.66500473022461,115.65387725830078
2020-06-19,39.8255729675293,114.34737396240234
2020-06-22,39.5832633972168,114.14703369140625
2020-06-23,39.49672317504883,114.41704559326172
2020-06-24,38.63996887207031,112.84920501708984
2020-06-25,38.88228988647461,114.46060943603516
2020-06-26,37.70534896850586,112.30045318603516
2020-06-29,38.389015197753906,114.17317199707031
2020-06-30,38.66593551635742,115.20096588134766
2020-07-01,38.78709411621094,115.28807067871094
2020-07-02,38.83902359008789,115.71487426757812
2020-07-06,39.14190673828125,116.1068115234375
2020-07-07,39.12459945678711,116.34199523925781
2020-07-08,39.00345230102539,116.90814971923828
2020-07-09,37.99958801269531,115.59292602539062
2020-07-10,39.07268524169922,117.11721801757812
2020-07-13,39.159210205078125,117.50916290283203
2020-07-14,39.69575500488281,118.04049682617188
2020-07-15,40.1544189453125,116.44651794433594
2020-07-16,39.93807601928711,116.61202239990234
2020-07-17,40.51789474487305,117.29141235351562
2020-07-20,39.912113189697266,115.94134521484375
2020-07-21,40.846736907958984,117.09107971191406
2020-07-22,41.95444869995117,118.46727752685547
2020-07-23,41.7813720703125,119.3992691040039
2020-07-24,41.96310806274414,118.51082611083984
2020-07-27,41.95444869995117,119.91320037841797
2020-07-28,41.694828033447266,119.66060638427734
2020-07-29,41.55636215209961,120.1396484375
2020-07-30,41.270782470703125,119.93062591552734
2020-07-31,40.881351470947266,119.90446472167969
2020-08-03,40.06787872314453,119.06826782226562
2020-08-04,40.40538787841797,119.73898315429688
2020-08-05,40.86404800415039,118.67634582519531
2020-08-06,41.08905029296875,118.33665466308594
2020-08-07,41.36597442626953,119.10311889648438
2020-08-10,41.29674530029297,118.4411392211914
2020-08-11,41.478485107421875,117.69207000732422
2020-08-12,41.91117858886719,120.02638244628906
2020-08-13,41.86791229248047,120.2877197265625
2020-08-14,41.92848205566406,119.8173599243164
2020-08-17,41.72079086303711,120.13091278076172
2020-08-18,41.902523040771484,120.29640197753906
2020-08-19,40.99385452270508,118.85052490234375
2020-08-20,40.9765510559082,119.0857162475586
2020-08-21,40.915977478027344,118.8592758178711
2020-08-24,41.513092041015625,119.88703155517578
2020-08-25,41.46117401123047,119.59088134765625
2020-08-26,41.67752456665039,120.60999298095703
2020-08-27,41.738101959228516,120.54900360107422
2020-08-28,43.12274169921875,121.8904037475586
2020-08-31,42.86312484741211,121.99492645263672
2020-09-01,42.508304595947266,121.23712158203125
2020-09-02,44.299678802490234,124.80829620361328
2020-09-03,43.685245513916016,122.2668228149414
2020-09-04,44.16986846923828,121.73165893554688
2020-09-08,43.10543441772461,118.91561126708984
2020-09-09,43.43427658081055,120.28414154052734
2020-09-10,43.26985549926758,118.22254180908203
2020-09-11,44.187171936035156,119.1436996459961
2020-09-14,44.239524841308594,119.89814758300781
2020-09-15,44.5361328125,118.97700500488281
2020-09-16,44.30930709838867,118.41552734375
2020-09-17,44.09993362426758,116.8539810180664
2020-09-18,44.012699127197266,115.33629608154297
2020-09-21,42.82622528076172,115.134521484375
2020-09-22,43.323490142822266,115.93282318115234
2020-09-23,42.058509826660156,114.9239730834961
2020-09-24,42.48598861694336,115.43280792236328
2020-09-25,42.50344467163086,117.1610336303711
2020-09-28,42.99198532104492,121.03862762451172
2020-09-29,42.67790985107422,120.32803344726562
2020-09-30,43.07049560546875,121.59134674072266
2020-10-01,42.90474319458008,123.52133178710938
2020-10-02,43.061771392822266,121.1175765991211
2020-10-05,43.07921600341797,121.0035400390625
2020-10-06,42.69537353515625,119.04714965820312
2020-10-07,43.23625183105469,120.1964111328125
2020-10-08,44.02141189575195,120.93335723876953
2020-10-09,44.326759338378906,121.45095825195312
2020-10-12,44.57102966308594,124.6881332397461
2020-10-13,43.812042236328125,125.92510223388672
2020-10-14,43.72480773925781,125.03026580810547
2020-10-15,43.61138153076172,124.07402038574219
2020-10-16,43.64628601074219,124.33720397949219
2020-10-19,43.28860092163086,122.53877258300781
2020-10-20,43.83821105957031,122.56511688232422
2020-10-21,43.61138153076172,122.46859741210938
2020-10-22,44.21334457397461,122.47736358642578
2020-10-23,44.07376480102539,122.43350219726562
2020-10-26,43.44562911987305,121.1175765991211
2020-10-27,43.532875061035156,122.04747009277344
2020-10-28,41.840415954589844,117.7049560546875
2020-10-29,41.89275360107422,117.54704284667969
2020-10-30,41.92765808105469,116.93294525146484
2020-11-02,42.41619110107422,118.56468200683594
2020-11-03,43.053043365478516,120.22271728515625
2020-11-04,42.89601516723633,120.9421157836914
2020-11-05,43.13156509399414,121.10883331298828
2020-11-06,43.140296936035156,121.39833068847656
2020-11-09,45.862186431884766,121.459716796875
2020-11-10,47.0922737121582,124.32843780517578
2020-11-11,46.743316650390625,126.24093627929688
2020-11-12,46.24603271484375,126.18826293945312
2020-11-13,46.62989807128906,126.95153045654297
2020-11-16,46.97886657714844,127.87265014648438
2020-11-17,46.83055877685547,127.41643524169922
2020-11-18,45.89707565307617,125.78471374511719
2020-11-19,46.35073471069336,125.73211669921875
2020-11-20,45.94942092895508,125.81981658935547
2020-11-23,45.95815658569336,125.46891021728516
2020-11-24,46.42924880981445,126.35494995117188
2020-11-25,46.17625045776367,126.46897888183594
2020-11-27,45.975589752197266,126.85501861572266
2020-11-30,45.36892318725586,126.53038787841797
2020-12-01,45.75579071044922,128.1446075439453
2020-12-02,45.81733703613281,126.87255859375
2020-12-03,46.40642166137695,127.62617492675781
2020-12-04,47.34721374511719,128.86317443847656
2020-12-07,46.5910758972168,128.4390411376953
2020-12-08,46.75812530517578,128.5715789794922
2020-12-09,46.89000701904297,128.72178649902344
2020-12-10,46.643821716308594,127.82057189941406
2020-12-11,46.90758514404297,128.08566284179688
2020-12-14,46.83726119995117,127.43182373046875
2020-12-15,47.338436126708984,127.9089126586914
2020-12-16,46.65261459350586,128.01495361328125
2020-12-17,46.83726119995117,128.7394561767578
2020-12-18,47.25050354003906,129.81735229492188
2020-12-21,46.43280029296875,128.46556091308594
2020-12-22,46.38883972167969,127.24629974365234
2020-12-23,46.670196533203125,127.59085845947266
2020-12-24,46.986732482910156,128.1651611328125
2020-12-28,47.619781494140625,129.79966735839844
2020-12-29,47.59340286254883,130.2502899169922
2020-12-30,47.865966796875,130.15310668945312
2020-12-31,48.21767044067383,131.02780151367188
2021-01-04,46.38883972167969,127.46717834472656
2021-01-05,45.87889099121094,127.84705352783203
2021-01-06,44.41934585571289,126.28327941894531
2021-01-07,43.92695617675781,125.87678527832031
2021-01-08,44.91171646118164,127.38764953613281
2021-01-11,44.13798522949219,125.54106903076172
2021-01-12,44.0588493347168,124.95793914794922
2021-01-13,44.102813720703125,125.98287200927734
2021-01-14,43.28511428833008,125.24949645996094
2021-01-15,42.819114685058594,124.92259216308594
2021-01-19,42.652061462402344,125.51455688476562
2021-01-20,42.80153274536133,124.86959838867188
2021-01-21,43.0389289855957,123.34992218017578
2021-01-22,42.63447570800781,122.44869995117188
2021-01-25,42.88945388793945,123.85352325439453
2021-01-26,43.337867736816406,125.28483581542969
2021-01-27,42.66964340209961,121.96270751953125
2021-01-28,43.214778900146484,122.97882080078125
2021-01-29,42.335533142089844,120.66397857666016
2021-02-01,42.62568664550781,121.02619934082031
2021-02-02,43.0477180480957,122.26318359375
2021-02-03,42.88065719604492,121.94508361816406
2021-02-04,43.091678619384766,123.41175842285156
2021-02-05,43.6544075012207,124.5427017211914
2021-02-08,43.89179229736328,124.04788970947266
2021-02-09,43.69835662841797,123.34107208251953
2021-02-10,43.61043167114258,121.66234588623047
2021-02-11,44.22590637207031,119.25031280517578
2021-02-12,44.56879806518555,118.27840423583984
2021-02-16,44.19953155517578,118.72903442382812
2021-02-17,44.07643127441406,118.79974365234375
2021-02-18,44.63914489746094,119.6037368774414
2021-02-19,44.0588493347168,117.07684326171875
2021-02-22,44.51605224609375,116.61738586425781
2021-02-23,44.436920166015625,117.31537628173828
2021-02-24,44.58639907836914,116.70574188232422
2021-02-25,44.11160659790039,114.85916137695312
2021-02-26,43.0740966796875,114.14350128173828
2021-03-01,43.87421417236328,115.40694427490234
2021-03-02,44.050052642822266,115.80455780029297
2021-03-03,43.944549560546875,114.09931945800781
2021-03-04,43.90937805175781,114.73432922363281
2021-03-05,44.656734466552734,118.47476959228516
2021-03-08,45.40409469604492,117.67327117919922
2021-03-09,44.71827697753906,117.78011322021484
2021-03-10,45.228233337402344,118.96461486816406
2021-03-11,44.73586654663086,118.64398193359375
2021-03-12,44.64720916748047,118.48368835449219
2021-03-15,45.24120330810547,118.47476959228516
2021-03-16,45.4096565246582,119.3475570678711
2021-03-17,45.4273796081543,119.00020599365234
2021-03-18,44.83338165283203,118.02948760986328
2021-03-19,45.04615783691406,119.78395080566406
2021-03-22,45.21460723876953,122.7228775024414
2021-03-23,45.56036376953125,124.20126342773438
2021-03-24,45.675621032714844,123.62235260009766
2021-03-25,46.118900299072266,124.35267639160156
2021-03-26,47.023193359375,127.08673095703125
2021-03-29,47.741310119628906,128.96588134765625
2021-03-30,47.12071990966797,126.94424438476562
2021-03-31,46.730628967285156,125.97350311279297
2021-04-01,46.55332565307617,125.82211303710938
2021-04-05,46.81928253173828,127.49640655517578
2021-04-06,47.15617370605469,127.95063781738281
2021-04-07,47.23596954345703,127.71907806396484
2021-04-08,47.094120025634766,126.94424438476562
2021-04-09,47.14731216430664,126.97098541259766
2021-04-12,47.29801940917969,127.37176513671875
2021-04-13,47.06752014160156,127.39844512939453
2021-04-14,47.05865478515625,126.5613021850586
2021-04-15,47.28028869628906,126.73942565917969
2021-04-16,47.59059143066406,128.3870086669922
2021-04-19,47.87428665161133,128.9124755859375
2021-04-20,48.025001525878906,129.7674102783203
2021-04-21,48.41509246826172,130.89845275878906
2021-04-22,48.26437759399414,130.0880126953125
2021-04-23,48.29096984863281,129.87428283691406
2021-04-26,47.57285690307617,127.67455291748047
2021-04-27,47.5019416809082,127.25597381591797
2021-04-28,47.51080322265625,126.31196594238281
2021-04-29,48.10479736328125,128.19110107421875
2021-04-30,47.85655975341797,128.3870086669922
2021-05-03,48.29983901977539,129.83865356445312
2021-05-04,47.998409271240234,128.2089080810547
2021-05-05,47.87428665161133,128.14654541015625
2021-05-06,48.35303497314453,129.63385009765625
2021-05-07,48.32643508911133,129.63385009765625
2021-05-10,48.68105697631836,130.6669464111328
2021-05-11,48.15798568725586,129.71395874023438
2021-05-12,47.909759521484375,128.44931030273438
2021-05-13,48.32643508911133,130.35519409179688
2021-05-14,48.5214729309082,130.55111694335938
2021-05-17,48.44169235229492,130.17710876464844
2021-05-18,48.17573165893555,129.58932495117188
2021-05-19,48.025001525878906,129.51805114746094
2021-05-20,48.4505615234375,131.12112426757812
2021-05-21,48.42395782470703,131.00534057617188
2021-05-24,48.58354187011719,131.67330932617188
2021-05-25,48.574676513671875,132.07403564453125
2021-05-26,48.78744888305664,132.07403564453125
2021-05-27,49.19526290893555,130.4799041748047
2021-05-28,49.01795196533203,131.75341796875
2021-06-01,49.00908660888672,131.4773712158203
2021-06-02,49.20413589477539,132.00279235839844
2021-06-03,49.32825469970703,132.47377014160156
2021-06-04,49.86019515991211,132.62625122070312
2021-06-07,49.6828727722168,132.54556274414062
2021-06-08,49.337120056152344,131.30755615234375
2021-06-09,49.186397552490234,131.0653533935547
2021-06-10,49.567623138427734,132.41099548339844
2021-06-11,49.78927230834961,132.49169921875
2021-06-14,49.61954116821289,133.28114318847656
2021-06-15,49.49449920654297,133.29013061523438
2021-06-16,48.833499908447266,131.96243286132812
2021-06-17,49.0836067199707,133.236328125
2021-06-18,48.02958679199219,130.45530700683594
2021-06-21,48.55658721923828,131.47799682617188
2021-06-22,48.73523712158203,131.6753692626953
2021-06-23,48.34221649169922,129.94400024414062
2021-06-24,48.58338928222656,130.67958068847656
2021-06-25,48.52085494995117,131.34344482421875
2021-06-28,48.46726608276367,131.90859985351562
2021-06-29,48.10997009277344,131.8188934326172
2021-06-30,48.333274841308594,132.9223175048828
2021-07-01,48.19929122924805,132.94920349121094
2021-07-02,48.39581298828125,133.58616638183594
2021-07-06,48.12784194946289,133.7834930419922
2021-07-07,48.52085494995117,134.3756103515625
2021-07-08,48.35114669799805,134.4384002685547
2021-07-09,48.645912170410156,134.0975341796875
2021-07-12,48.66379165649414,134.1244354248047
2021-07-13,49.14613342285156,137.21939086914062
2021-07-14,50.25374984741211,138.63677978515625
2021-07-15,50.4145393371582,139.27374267578125
2021-07-16,50.37880325317383,139.7850799560547
2021-07-19,49.780330657958984,139.7671661376953
2021-07-20,49.869659423828125,139.7850799560547
2021-07-21,50.51279067993164,139.26478576660156
2021-07-22,50.44133377075195,139.21994018554688
2021-07-23,50.92367935180664,141.00509643554688
2021-07-26,50.968345642089844,140.90643310546875
2021-07-27,51.14698791503906,141.68690490722656
2021-07-28,50.6825065612793,140.38613891601562
2021-07-29,50.959407806396484,140.6732177734375
2021-07-30,50.94154739379883,140.79876708984375
2021-08-02,50.80755615234375,140.23362731933594
2021-08-03,50.84328079223633,140.547607421875
2021-08-04,50.1108283996582,138.1972198486328
2021-08-05,50.46812438964844,138.43043518066406
2021-08-06,50.593177795410156,138.44837951660156
2021-08-09,50.60212326049805,138.46633911132812
2021-08-10,50.73609924316406,138.5381317138672
2021-08-11,50.6735725402832,139.0853271484375
2021-08-12,50.77183532714844,139.1122589111328
2021-08-13,51.12019729614258,140.41302490234375
2021-08-16,51.343502044677734,141.7855987548828
2021-08-17,51.164859771728516,141.6510467529297
2021-08-18,50.46812438964844,140.19778442382812
2021-08-19,50.78969955444336,142.55709838867188
2021-08-20,50.593177795410156,142.05474853515625
2021-08-23,50.4145393371582,141.606201171875
2021-08-24,50.03043746948242,139.84788513183594
2021-08-25,50.084041595458984,139.22891235351562
2021-08-26,49.610618591308594,138.71755981445312
2021-08-27,49.70886993408203,138.99562072753906
2021-08-30,50.182289123535156,139.94656372070312
2021-08-31,50.29841232299805,140.29644775390625
2021-09-01,50.63784408569336,141.66001892089844
2021-09-02,50.70930099487305,141.76388549804688
2021-09-03,50.6735725402832,141.89031982421875
2021-09-07,49.72673797607422,139.57803344726562
2021-09-08,50.39666748046875,141.55615234375
2021-09-09,49.89645004272461,140.66192626953125
2021-09-10,49.673152923583984,140.4180450439453
2021-09-13,50.084041595458984,140.68902587890625
2021-09-14,50.12003707885742,140.1380615234375
2021-09-15,50.2910270690918,140.9238739013672
2021-09-16,49.81403350830078,140.50836181640625
2021-09-17,48.99505615234375,139.21673583984375
2021-09-20,48.6530647277832,138.74703979492188
2021-09-21,48.64406204223633,138.683837890625
2021-09-22,48.716060638427734,139.1083526611328
2021-09-23,48.63506317138672,139.21673583984375
2021-09-24,48.500064849853516,139.27996826171875
2021-09-27,48.24807357788086,137.94314575195312
2021-09-28,47.37508010864258,136.43475341796875
2021-09-29,47.66307830810547,137.5638427734375
2021-09-30,47.22209167480469,135.85667419433594
2021-10-01,47.717079162597656,136.34442138671875
2021-10-04,47.69008255004883,135.66696166992188
2021-10-05,47.771080017089844,136.47088623046875
2021-10-06,48.33806228637695,139.96641540527344
2021-10-07,48.49106979370117,141.258056640625
2021-10-08,48.70705795288086,140.93289184570312
2021-10-11,48.806060791015625,141.12258911132812
2021-10-12,48.806060791015625,141.7458038330078
2021-10-13,48.815059661865234,142.7032470703125
2021-10-14,49.14805603027344,143.85035705566406
2021-10-15,49.03105545043945,143.4438934326172
2021-10-18,48.545066833496094,142.79359436035156
2021-10-19,48.734066009521484,144.60911560058594
2021-10-20,49.166053771972656,145.70199584960938
2021-10-21,48.91405487060547,143.77810668945312
2021-10-22,49.004058837890625,144.49168395996094
2021-10-25,48.806060791015625,143.81422424316406
2021-10-26,49.022056579589844,145.57554626464844
2021-10-27,49.9670295715332,145.0697479248047
2021-10-28,50.43503189086914,145.98204040527344
2021-10-29,50.732017517089844,145.9639892578125
2021-11-01,50.552024841308594,145.6568603515625
2021-11-02,50.4890251159668,146.99365234375
2021-11-03,50.66002655029297,148.40274047851562
2021-11-04,50.93901824951172,148.41172790527344
2021-11-05,51.1550178527832,149.93820190429688
2021-11-08,50.696022033691406,146.71363830566406
2021-11-09,50.840023040771484,147.68914794921875
2021-11-10,51.04701614379883,148.16787719726562
2021-11-11,51.06501770019531,146.94850158691406
2021-11-12,50.948028564453125,146.91238403320312
2021-11-15,50.95701599121094,147.9510955810547
2021-11-16,50.597023010253906,147.5084991455078
2021-11-17,50.318031311035156,147.56271362304688
2021-11-18,49.8680419921875,147.60784912109375
2021-11-19,49.616050720214844,147.96009826660156
2021-11-22,49.92203903198242,148.26722717285156
2021-11-23,50.2910270690918,149.2608184814453
2021-11-24,49.886043548583984,147.89691162109375
2021-11-26,48.3560676574707,145.5484619140625
2021-11-29,49.12105178833008,148.25819396972656
2021-11-30,47.57014846801758,144.320068359375
2021-12-01,47.434104919433594,144.66329956054688
2021-12-02,48.13246536254883,146.0591278076172
2021-12-03,48.55874252319336,149.77838134765625
2021-12-06,49.80126953125,151.3333282470703
2021-12-07,50.073360443115234,151.16055297851562
2021-12-08,49.88290786743164,151.42428588867188
2021-12-09,49.755924224853516,151.23330688476562
2021-12-10,51.0438117980957,153.6521759033203
2021-12-13,52.3861198425293,154.416015625
2021-12-14,52.422393798828125,154.03408813476562
2021-12-15,52.65821075439453,156.01646423339844
2021-12-16,53.19331359863281,156.2438201904297
2021-12-17,52.35890579223633,153.0429229736328
2021-12-20,52.18658447265625,154.0614013671875
2021-12-21,52.39519119262695,153.606689453125
2021-12-22,52.76704025268555,154.56150817871094
2021-12-23,52.803321838378906,154.38873291015625
2021-12-27,53.19331359863281,155.925537109375
2021-12-28,53.40190887451172,156.73486328125
2021-12-29,53.46540832519531,157.28956604003906
2021-12-30,53.31121826171875,157.01673889160156
2021-12-31,53.70121383666992,157.96246337890625
2022-01-03,53.782840728759766,157.29864501953125
2022-01-04,54.680721282958984,157.5260009765625
2022-01-05,55.134212493896484,158.06251525878906
2022-01-06,54.8439826965332,158.09889221191406
2022-01-07,54.71700668334961,158.29891967773438
2022-01-10,54.807701110839844,158.38076782226562
2022-01-11,54.825843811035156,158.3080291748047
2022-01-12,54.90746307373047,158.13525390625
2022-01-13,55.23398208618164,158.389892578125
2022-01-14,55.67838668823242,159.71751403808594
2022-01-18,55.23398208618164,158.18978881835938
2022-01-19,55.324676513671875,159.32647705078125
2022-01-20,55.097930908203125,158.17164611816406
2022-01-21,54.825843811035156,158.42623901367188
2022-01-24,54.381439208984375,157.6168975830078
2022-01-25,54.254451751708984,155.80731201171875
2022-01-26,54.054927825927734,154.16139221191406
2022-01-27,54.10026931762695,154.01588439941406
2022-01-28,55.17955780029297,157.01673889160156
2022-01-31,55.333740234375,157.7897186279297
2022-02-01,54.92561340332031,156.71669006347656
2022-02-02,55.4879264831543,159.56292724609375
2022-02-03,55.87792205810547,159.47198486328125
2022-02-04,55.28839111328125,156.85308837890625
2022-02-07,55.86885070800781,156.23471069335938
2022-02-08,56.23163604736328,156.4257049560547
2022-02-09,55.3609504699707,156.3529052734375
2022-02-10,55.66932678222656,153.10655212402344
2022-02-11,54.680721282958984,153.2975311279297
2022-02-14,55.034446716308594,151.5879364013672
2022-02-15,55.243038177490234,150.91502380371094
2022-02-16,55.23398208618164,151.2241973876953
2022-02-17,56.34046936035156,151.6334228515625
2022-02-18,56.72138977050781,152.50640869140625
2022-02-22,56.4855842590332,153.08839416503906
2022-02-23,55.85978698730469,151.57887268066406
2022-02-24,54.88025665283203,148.94175720214844
2022-02-25,57.00254821777344,153.1156768798828
2022-02-28,56.449302673339844,148.8963165283203
2022-03-01,56.20442581176758,147.55955505371094
2022-03-02,56.62162399291992,149.6055908203125
2022-03-03,56.65790557861328,149.44541931152344
2022-03-04,56.74860382080078,151.71542358398438
2022-03-07,55.39723587036133,148.69483947753906
2022-03-08,53.2023811340332,144.5026397705078
2022-03-09,53.47447204589844,144.0724639892578
2022-03-10,52.494956970214844,141.42710876464844
2022-03-11,52.53122329711914,140.7131805419922
2022-03-14,53.49997329711914,142.69029235839844
2022-03-15,54.48698425292969,145.53695678710938
2022-03-16,54.340755462646484,146.1776885986328
2022-03-17,54.9165153503418,147.3126983642578
2022-03-18,54.925655364990234,149.0060272216797
2022-03-21,55.36433792114258,148.79551696777344
2022-03-22,55.56538391113281,150.42478942871094
2022-03-23,55.1998405456543,149.63758850097656
2022-03-24,55.729896545410156,150.5438232421875
2022-03-25,56.23253631591797,151.24859619140625
2022-03-28,56.588958740234375,151.69711303710938
2022-03-29,56.80830383300781,153.94879150390625
2022-03-30,56.8539924621582,153.73831176757812
2022-03-31,56.662078857421875,153.2073974609375
2022-04-01,57.45717239379883,155.38587951660156
2022-04-04,57.155582427978516,154.98313903808594
2022-04-05,57.09161376953125,155.1479034423828
2022-04-06,57.66736602783203,157.79315185546875
2022-04-07,57.97809600830078,157.93963623046875
2022-04-08,58.33452224731445,158.4705047607422
2022-04-11,58.31624984741211,157.9853973388672
2022-04-12,59.00166702270508,158.6261444091797
2022-04-13,59.157039642333984,158.3515167236328
2022-04-14,59.42206573486328,157.3446807861328
2022-04-18,58.892005920410156,155.98997497558594
2022-04-19,59.46776580810547,158.25999450683594
2022-04-20,60.2811393737793,160.6123809814453
2022-04-21,60.50961685180664,160.03573608398438
2022-04-22,59.63227081298828,157.57350158691406
2022-04-25,60.26285934448242,159.02886962890625
2022-04-26,59.44948959350586,158.6261444091797
2022-04-27,59.91557693481445,160.04489135742188
2022-04-28,60.491336822509766,162.47048950195312
2022-04-29,59.047367095947266,157.1707763671875
2022-05-02,57.97809600830078,153.55520629882812
2022-05-03,57.64908981323242,153.76576232910156
2022-05-04,59.431209564208984,159.13873291015625
2022-05-05,58.95598602294922,155.9625244140625
2022-05-06,59.16617202758789,155.98081970214844
2022-05-09,59.047367095947266,157.16162109375
2022-05-10,58.499027252197266,156.96939086914062
2022-05-11,58.773189544677734,156.20970153808594
2022-05-12,58.95598602294922,155.9716796875
2022-05-13,60.061798095703125,159.0105743408203
2022-05-16,60.2811393737793,160.6123809814453
2022-05-17,60.11662673950195,159.68792724609375
2022-05-18,55.93095016479492,149.79324340820312
2022-05-19,54.834266662597656,147.55067443847656
2022-05-20,55.729896545410156,148.4751434326172
2022-05-23,57.448036193847656,151.57810974121094
2022-05-24,58.50816345214844,153.61013793945312
2022-05-25,58.553855895996094,154.6627655029297
2022-05-26,58.764060974121094,155.70626831054688
2022-05-27,59.11134338378906,157.22569274902344
2022-05-31,57.92326354980469,153.5460968017578
2022-06-01,57.63996124267578,152.39276123046875
2022-06-02,58.243125915527344,153.62783813476562
2022-06-03,57.54856491088867,151.9411163330078
2022-06-06,57.45717239379883,152.57708740234375
2022-06-07,57.80445861816406,153.5172119140625
2022-06-08,57.47544860839844,152.75221252441406
2022-06-09,56.47929382324219,150.03321838378906
2022-06-10,56.12287521362305,149.79359436035156
2022-06-13,56.05889892578125,147.23130798339844
2022-06-14,54.52165222167969,143.89474487304688
2022-06-15,54.926673889160156,145.43397521972656
2022-06-16,54.374366760253906,144.73348999023438
2022-06-17,54.70575714111328,144.76113891601562
2022-06-21,55.87479782104492,148.1253204345703
2022-06-22,56.289031982421875,149.34193420410156
2022-06-23,56.96100616455078,151.24984741210938
2022-06-24,58.02878189086914,153.12088012695312
2022-06-27,57.909114837646484,153.32366943359375
2022-06-28,57.32919692993164,151.16688537597656
2022-06-29,57.743431091308594,153.67388916015625
2022-06-30,57.909114837646484,153.60939025878906
2022-07-01,59.26226043701172,156.12562561035156
2022-07-05,58.24970626831055,155.77536010742188
2022-07-06,58.36936569213867,157.3330535888672
2022-07-07,57.909114837646484,157.01966857910156
2022-07-08,58.1208381652832,158.42063903808594
2022-07-11,57.93673324584961,157.12106323242188
2022-07-12,57.68818664550781,156.22702026367188
2022-07-13,57.42124938964844,156.78005981445312
2022-07-14,57.237144470214844,157.5911102294922
2022-07-15,57.53171157836914,157.72012329101562
2022-07-18,56.7492790222168,155.08409118652344
2022-07-19,57.559322357177734,156.74314880371094
2022-07-20,56.611202239990234,155.08409118652344
2022-07-21,56.48233413696289,155.31448364257812
2022-07-22,56.69404983520508,156.328369140625
2022-07-25,57.24634552001953,156.54957580566406
2022-07-26,58.18526840209961,158.37454223632812
2022-07-27,58.00117111206055,158.15333557128906
2022-07-28,58.96769714355469,161.1488494873047
2022-07-29,59.06895446777344,161.2594451904297
2022-08-01,59.39113998413086,163.09359741210938
2022-08-02,58.58108901977539,161.74794006347656
2022-08-03,58.83883285522461,162.98301696777344
2022-08-04,58.608699798583984,162.0981903076172
2022-08-05,58.34176254272461,160.88153076171875
2022-08-08,57.964351654052734,160.23635864257812
2022-08-09,58.03799057006836,160.83547973632812
2022-08-10,58.590293884277344,162.16268920898438
2022-08-11,58.19447326660156,161.3331756591797
2022-08-12,58.63631820678711,163.44384765625
2022-08-15,59.37272644042969,165.24118041992188
2022-08-16,59.860595703125,166.19972229003906
2022-08-17,59.72251510620117,166.10757446289062
2022-08-18,60.035491943359375,166.27342224121094
2022-08-19,59.98945999145508,166.06146240234375
2022-08-22,59.09657287597656,164.4761199951172
2022-08-23,59.161006927490234,164.40240478515625
2022-08-24,59.24385452270508,165.22271728515625
2022-08-25,59.52920913696289,165.23194885253906
2022-08-26,58.09321975708008,161.3331756591797
2022-08-29,57.743431091308594,160.8262176513672
2022-08-30,57.20952606201172,159.44369506835938
2022-08-31,56.80451583862305,158.7801055908203
2022-09-01,57.07145690917969,160.38534545898438
2022-09-02,56.289031982421875,158.35325622558594
2022-09-06,56.316650390625,157.2861785888672
2022-09-07,57.35681915283203,160.75650024414062
2022-09-08,57.18191909790039,160.21832275390625
2022-09-09,57.36601638793945,160.72862243652344
2022-09-12,57.53171157836914,161.359619140625
2022-09-13,55.66307830810547,155.33763122558594
2022-09-14,55.9576416015625,156.5160369873047
2022-09-15,55.19731903076172,153.91795349121094
2022-09-16,55.20659637451172,154.92935180664062
2022-09-19,55.62384796142578,156.56246948242188
2022-09-20,55.54039764404297,156.73873901367188
2022-09-21,55.076786041259766,156.2933349609375
2022-09-22,54.94697189331055,156.44183349609375
2022-09-23,54.33500671386719,156.36756896972656
2022-09-26,53.658138275146484,156.30262756347656
2022-09-27,52.27658462524414,154.03857421875
2022-09-28,52.832916259765625,156.5067596435547
2022-09-29,52.45275115966797,154.59532165527344
2022-09-30,51.942787170410156,151.4868927001953
2022-10-03,52.526939392089844,153.33338928222656
2022-10-04,52.64747619628906,155.0592498779297
2022-10-05,52.14677047729492,154.02931213378906
2022-10-06,51.02483367919922,151.06005859375
2022-10-07,50.54267883300781,149.9558563232422
2022-10-10,50.431419372558594,150.1507110595703
2022-10-11,50.5148811340332,150.86521911621094
2022-10-12,51.12683868408203,157.17483520507812
2022-10-13,51.803707122802734,162.0183868408203
2022-10-14,50.97848129272461,157.91717529296875
2022-10-17,51.636802673339844,160.2739715576172
2022-10-18,52.33222198486328,162.43594360351562
2022-10-19,51.88714599609375,160.85858154296875
2022-10-20,51.07120132446289,159.09556579589844
2022-10-21,51.88714599609375,160.58018493652344
2022-10-24,53.379974365234375,164.86700439453125
2022-10-25,54.65953826904297,165.41448974609375
2022-10-26,55.06751251220703,166.15679931640625
2022-10-27,55.19731903076172,165.98048400878906
2022-10-28,56.337799072265625,169.08888244628906
2022-10-31,55.49403381347656,168.48577880859375
2022-11-01,55.29931640625,167.72491455078125
2022-11-02,54.529727935791016,165.3866424560547
2022-11-03,54.50191116333008,164.95980834960938
2022-11-04,54.94697189331055,165.8876953125
2022-11-07,55.160240173339844,167.21456909179688
2022-11-08,55.262229919433594,167.6785125732422
2022-11-09,54.49264144897461,165.67430114746094
2022-11-10,56.44906997680664,168.5971221923828
2022-11-11,56.85704040527344,165.2103729248047
2022-11-14,56.30998611450195,163.9855194091797
2022-11-15,56.21726608276367,164.41238403320312
2022-11-16,56.11526870727539,165.4701690673828
2022-11-17,56.29144287109375,167.0475311279297
2022-11-18,56.690147399902344,168.2538299560547
2022-11-21,57.561729431152344,171.4921417236328
2022-11-22,57.81208038330078,171.51068115234375
2022-11-23,58.07169723510742,171.7333984375
2022-11-25,58.12733459472656,170.8333740234375
2022-11-28,58.1366081237793,170.6292266845703
2022-11-29,57.932621002197266,169.42294311523438
2022-11-30,59.398677825927734,172.1323699951172
2022-12-01,59.5667610168457,173.5702362060547
2022-12-02,60.08968734741211,173.3741455078125
2022-12-05,59.26795196533203,170.974609375
2022-12-06,59.23992919921875,169.58346557617188
2022-12-07,59.33331298828125,170.0969696044922
2022-12-08,59.585426330566406,171.59083557128906
2022-12-09,58.95978927612305,170.95594787597656
2022-12-12,59.73484420776367,171.7682342529297
2022-12-13,59.753517150878906,171.6748809814453
2022-12-14,59.753517150878906,171.19871520996094
2022-12-15,58.9317741394043,168.2949981689453
2022-12-16,58.59560775756836,168.3790283203125
2022-12-19,58.67965316772461,169.31268310546875
2022-12-20,58.632965087890625,169.2099609375
2022-12-21,59.57609558105469,170.39573669433594
2022-12-22,59.14655303955078,169.07925415039062
2022-12-23,59.59477233886719,170.17164611816406
2022-12-27,59.958953857421875,170.92796325683594
2022-12-28,59.361324310302734,169.6954803466797
2022-12-29,59.71616744995117,169.91024780273438
2022-12-30,59.398677825927734,168.6777801513672
2023-01-03,58.78236770629883,167.5106964111328
2023-01-04,58.75435256958008,167.099853515625
2023-01-05,58.08203125,165.35389709472656
2023-01-06,59.20258331298828,169.088623046875
2023-01-09,58.464881896972656,167.4359893798828
2023-01-10,58.01666259765625,166.0541534423828
2023-01-11,57.904605865478516,166.2409210205078
2023-01-12,57.157569885253906,164.12144470214844
2023-01-13,57.362998962402344,163.61727905273438
2023-01-17,57.5964469909668,164.3828887939453
2023-01-18,55.850257873535156,160.23736572265625
2023-01-19,55.766212463378906,158.37936401367188
2023-01-20,56.102386474609375,158.6127471923828
2023-01-23,56.24244689941406,157.90316772460938
2023-01-24,56.541259765625,159.36903381347656
2023-01-25,56.89611053466797,160.52679443359375
2023-01-26,56.784053802490234,158.93020629882812
2023-01-27,56.485233306884766,158.37002563476562
2023-01-30,56.625308990478516,158.23931884765625
2023-01-31,57.260284423828125,159.67715454101562
2023-02-01,57.269622802734375,160.1813507080078
2023-02-02,56.28913879394531,158.69679260253906
2023-02-03,55.868934631347656,157.90316772460938
2023-02-06,56.18642044067383,160.42410278320312
2023-02-07,56.093040466308594,160.1813507080078
2023-02-08,55.766212463378906,159.80787658691406
2023-02-09,55.67283248901367,161.3204345703125
2023-02-10,55.67283248901367,164.51356506347656
2023-02-13,56.587947845458984,165.97947692871094
2023-02-14,55.64481735229492,164.11212158203125
2023-02-15,55.64481735229492,164.33619689941406
2023-02-16,55.29931640625,163.86935424804688
2023-02-17,56.13972473144531,164.58828735351562
2023-02-21,55.840919494628906,164.4949188232422
2023-02-22,56.008995056152344,164.43890380859375
2023-02-23,56.111717224121094,164.61627197265625
2023-02-24,55.87826919555664,164.2895050048828
2023-02-27,55.859588623046875,164.2428436279297
2023-02-28,55.57011795043945,162.02069091796875
2023-03-01,54.96315383911133,159.96656799316406
2023-03-02,55.766212463378906,162.91815185546875
2023-03-03,55.50475311279297,162.75836181640625
2023-03-06,56.36384201049805,163.0873260498047
2023-03-07,56.03701400756836,162.27894592285156
2023-03-08,56.06502914428711,162.7207489013672
2023-03-09,55.52342224121094,161.4893798828125
2023-03-10,55.28997802734375,161.70556640625
2023-03-13,55.850257873535156,163.2847442626953
2023-03-14,56.05569076538086,163.1155548095703
2023-03-15,56.42920684814453,166.02947998046875
2023-03-16,56.739723205566406,165.91668701171875
2023-03-17,56.476253509521484,164.61953735351562
2023-03-20,57.02200698852539,166.93186950683594
2023-03-21,56.758541107177734,167.32666015625
2023-03-22,56.50448226928711,165.91668701171875
2023-03-23,56.38215255737305,165.10830688476562
2023-03-24,57.30430221557617,168.34185791015625
2023-03-27,57.727725982666016,168.71786499023438
2023-03-28,57.79359436035156,168.6614532470703
2023-03-29,58.20761489868164,169.8270263671875
2023-03-30,58.198211669921875,169.97743225097656
2023-03-31,58.367576599121094,171.35919189453125
2023-04-03,58.715736389160156,171.54721069335938
2023-04-04,58.53695297241211,170.93624877929688
2023-04-05,59.09211349487305,172.61880493164062
2023-04-06,59.12975311279297,173.29556274414062
2023-04-10,58.988609313964844,172.20518493652344
2023-04-11,58.885108947753906,171.94200134277344
2023-04-12,58.988609313964844,171.6035919189453
2023-04-13,59.421451568603516,173.31436157226562
2023-04-14,59.327354431152344,172.49661254882812
2023-04-17,59.71315383911133,173.38018798828125
2023-04-18,59.8072395324707,173.73736572265625
2023-04-19,59.92015838623047,173.6339874267578
2023-04-20,60.18362808227539,174.20736694335938
2023-04-21,60.26831817626953,174.28256225585938
2023-04-24,60.174217224121094,174.36717224121094
2023-04-25,60.08012390136719,178.32449340820312
2023-04-26,59.79783248901367,177.22470092773438
2023-04-27,59.92015838623047,178.30572509765625
2023-04-28,60.36240768432617,179.4336700439453
2023-05-01,60.5035514831543,180.17625427246094
2023-05-02,60.23067855834961,180.71205139160156
2023-05-03,59.891929626464844,180.64625549316406
2023-05-04,59.95779800415039,181.77423095703125
2023-05-05,60.240081787109375,182.61082458496094
2023-05-08,60.1459846496582,181.7460479736328
2023-05-09,59.64727783203125,182.4886016845703
2023-05-10,59.75078582763672,182.61082458496094
2023-05-11,60.08953094482422,183.61660766601562
2023-05-12,60.324771881103516,184.3498077392578
2023-05-15,60.1648063659668,182.61082458496094
2023-05-16,59.4873161315918,181.82122802734375
2023-05-17,59.421451568603516,180.533447265625
2023-05-18,59.09211349487305,180.0634765625
2023-05-19,59.12034606933594,180.32666015625
2023-05-22,57.87828063964844,175.43873596191406
2023-05-23,57.7747802734375,174.90296936035156
2023-05-24,57.285484313964844,173.79376220703125
2023-05-25,56.843231201171875,172.76918029785156
2023-05-26,56.70207977294922,172.5623779296875
2023-05-30,56.25042724609375,170.7106170654297
2023-05-31,56.137508392333984,171.4062042236328
2023-06-01,56.45743942260742,172.45216369628906
2023-06-02,57.548946380615234,174.22219848632812
2023-06-05,57.16315841674805,174.34523010253906
2023-06-06,56.749141693115234,171.8558349609375
2023-06-07,56.664451599121094,170.4833221435547
2023-06-08,56.80559158325195,172.36695861816406
2023-06-09,56.899688720703125,172.6035919189453
2023-06-12,56.65503692626953,172.17762756347656
2023-06-13,56.88086700439453,171.83688354492188
2023-06-14,57.266658782958984,173.3797607421875
2023-06-15,58.05360412597656,175.78399658203125
2023-06-16,58.47077560424805,176.09634399414062
2023-06-20,58.08204650878906,175.40538024902344
2023-06-21,58.243228912353516,175.51895141601562
2023-06-22,58.64143753051758,177.33636474609375
2023-06-23,58.02516555786133,176.124755859375
2023-06-26,58.04412078857422,175.00784301757812
2023-06-27,57.92086410522461,176.2667236328125
2023-06-28,57.380435943603516,173.88143920898438
2023-06-29,56.906375885009766,174.0518341064453
2023-06-30,57.096004486083984,175.3201904296875
2023-07-03,57.437320709228516,175.6798858642578
2023-07-05,57.86397933959961,176.6074981689453
2023-07-06,57.41836166381836,176.62643432617188
2023-07-07,56.65985870361328,173.2946014404297
2023-07-10,56.23320770263672,174.44935607910156
2023-07-11,56.43231201171875,174.14646911621094
2023-07-12,56.73571014404297,173.3797607421875
2023-07-13,57.2192497253418,177.50672912597656
2023-07-14,57.74072265625,178.150390625
2023-07-17,57.6553955078125,175.70828247070312
2023-07-18,57.42783737182617,174.5913543701172
2023-07-19,58.442325592041016,176.30459594726562
2023-07-20,59.15342330932617,179.18212890625
2023-07-21,59.200828552246094,179.9961395263672
2023-07-24,59.219791412353516,180.7155303955078
2023-07-25,59.020687103271484,181.13201904296875
2023-07-26,59.7791862487793,181.3591766357422
2023-07-27,59.200828552246094,178.45327758789062
2023-07-28,59.2387580871582,180.1381378173828
2023-07-31,58.71729278564453,177.4404754638672
2023-08-01,58.565589904785156,176.83468627929688
2023-08-02,58.74573516845703,178.24502563476562
2023-08-03,58.442325592041016,177.11862182617188
2023-08-04,57.56058120727539,174.7333526611328
2023-08-07,58.01567840576172,176.90093994140625
2023-08-08,57.75968551635742,174.58189392089844
2023-08-09,57.89242935180664,174.14646911621094
2023-08-10,57.75968551635742,173.9287567138672
2023-08-11,57.99671173095703,174.20323181152344
2023-08-14,57.72175979614258,173.8057098388672
2023-08-15,57.333030700683594,171.65707397460938
2023-08-16,57.34251403808594,171.5245361328125
2023-08-17,57.46576690673828,168.9120330810547
2023-08-18,57.78812789916992,168.65647888183594
2023-08-21,57.29510498046875,167.58688354492188
2023-08-22,56.944305419921875,166.30902099609375
2023-08-23,57.14340591430664,168.59970092773438
2023-08-24,56.99170684814453,167.7099151611328
2023-08-25,57.257179260253906,169.83018493652344
2023-08-28,57.41836166381836,170.61582946777344
2023-08-29,57.361473083496094,171.2594757080078
2023-08-30,57.333030700683594,171.40147399902344
2023-08-31,56.726234436035156,169.59515380859375
2023-09-01,56.23320770263672,167.11680603027344
2023-09-05,55.768619537353516,166.0110626220703
2023-09-06,55.7307014465332,166.5543975830078
2023-09-07,55.304046630859375,168.14627075195312
2023-09-08,55.304046630859375,168.02235412597656
2023-09-11,55.82551574707031,170.557861328125
2023-09-12,55.27560043334961,169.9287567138672
2023-09-13,55.40834045410156,171.2727813720703
2023-09-14,55.86705017089844,172.750244140625
2023-09-15,55.370113372802734,171.42529296875
2023-09-18,55.714149475097656,170.98681640625
2023-09-19,55.59946823120117,169.97640991210938
2023-09-20,55.847938537597656,170.03363037109375
2023-09-21,54.98785400390625,167.1739959716797
2023-09-22,55.04519271850586,167.06912231445312
2023-09-25,54.471805572509766,166.17312622070312
2023-09-26,54.022647857666016,164.44781494140625
2023-09-27,53.4683837890625,161.63584899902344
2023-09-28,53.334590911865234,161.56910705566406
2023-09-29,53.49705123901367,161.51193237304688
2023-10-02,53.01922607421875,161.25453186035156
2023-10-03,52.445838928222656,159.8533172607422
2023-10-04,52.5987434387207,161.0067138671875
2023-10-05,50.05672836303711,152.60894775390625
2023-10-06,50.78301239013672,152.79002380371094
2023-10-09,50.534542083740234,153.80996704101562
2023-10-10,51.633541107177734,156.70773315429688
2023-10-11,51.32772445678711,155.01100158691406
2023-10-12,50.4676513671875,150.6834259033203
2023-10-13,50.54410171508789,152.5136260986328
2023-10-16,51.06015396118164,153.5430908203125
2023-10-17,51.6717643737793,152.86630249023438
2023-10-18,51.65264892578125,154.44862365722656
2023-10-19,51.93934631347656,153.0474090576172
2023-10-20,52.14958953857422,152.5136260986328
2023-10-23,51.68132019042969,152.58987426757812
2023-10-24,53.17212677001953,154.60113525390625
2023-10-25,53.630836486816406,154.753662109375
2023-10-26,53.30591583251953,153.85765075683594
2023-10-27,52.78986740112305,152.15138244628906
2023-10-30,53.659507751464844,154.6869354248047
2023-10-31,53.98442840576172,155.64013671875
2023-11-01,53.936641693115234,157.1557159423828
2023-11-02,54.55781173706055,159.02403259277344
2023-11-03,54.22333908081055,158.9859161376953
2023-11-06,54.44313430786133,158.90013122558594
2023-11-07,54.64382553100586,159.357666015625
2023-11-08,54.55781173706055,159.55784606933594
2023-11-09,54.14688491821289,158.38539123535156
2023-11-10,54.204227447509766,159.1098175048828
2023-11-13,54.404911041259766,159.92007446289062
2023-11-14,54.5673713684082,160.24415588378906
2023-11-15,54.67249298095703,159.42437744140625
2023-11-16,54.61516189575195,159.86288452148438
2023-11-17,54.720272064208984,158.95729064941406
2023-11-20,54.85406494140625,158.72853088378906
2023-11-21,55.45612335205078,159.9486541748047
2023-11-22,55.828826904296875,161.3022003173828
2023-11-24,55.972171783447266,161.44517517089844
2023-11-27,55.86705017089844,160.44430541992188
2023-11-28,55.98173141479492,160.9590606689453
2023-11-29,55.64725112915039,159.33859252929688
2023-11-30,56.29262924194336,161.63893127441406
2023-12-01,56.48527908325195,162.0231170654297
2023-12-04,56.417850494384766,162.45535278320312
2023-12-05,56.504547119140625,161.3027801513672
2023-12-06,56.446754455566406,160.8897705078125
2023-12-07,56.58161544799805,160.84173583984375
2023-12-08,56.45638656616211,159.13206481933594
2023-12-11,56.87057876586914,161.1875
2023-12-12,57.23662185668945,161.81182861328125
2023-12-13,57.727882385253906,165.2119140625
2023-12-14,56.87057876586914,161.6005096435547
2023-12-15,56.446754455566406,160.39993286132812
2023-12-18,56.85132598876953,162.23443603515625
2023-12-19,56.66830062866211,161.31236267089844
2023-12-20,55.49312973022461,159.14169311523438
2023-12-21,55.859169006347656,160.37109375
2023-12-22,56.177040100097656,161.0530548095703
2023-12-26,56.408226013183594,162.18641662597656
2023-12-27,56.552703857421875,162.70506286621094
2023-12-28,56.591243743896484,162.69546508789062
2023-12-29,56.764625549316406,163.12767028808594
2024-01-02,57.62192153930664,166.0763702392578
2024-01-03,57.75677490234375,166.11477661132812
2024-01-04,57.564125061035156,164.6932830810547
2024-01-05,57.47743606567383,162.26324462890625
2024-01-08,57.901268005371094,162.426513671875
2024-01-09,57.79531478881836,160.56321716308594
2024-01-10,57.98796463012695,160.32308959960938
2024-01-11,57.6122932434082,159.56431579589844
2024-01-12,58.17097854614258,160.6592559814453
2024-01-16,57.78567886352539,159.60272216796875
2024-01-17,57.78567886352539,159.862060546875
2024-01-18,57.94942855834961,160.56321716308594
2024-01-19,57.63155746459961,159.22811889648438
2024-01-22,57.381107330322266,158.58462524414062
2024-01-23,57.65081787109375,161.01463317871094
2024-01-24,56.745365142822266,159.0552520751953
2024-01-25,56.986175537109375,159.97731018066406
2024-01-26,57.18845748901367,161.22593688964844
2024-01-29,57.53523254394531,161.5044708251953
2024-01-30,57.69898223876953,162.91636657714844
2024-01-31,57.30405044555664,161.86944580078125
2024-02-01,58.73930358886719,164.9141845703125
2024-02-02,58.315467834472656,164.21302795410156
2024-02-05,57.833839416503906,164.16500854492188
2024-02-06,57.737518310546875,164.64523315429688
2024-02-07,57.78567886352539,164.6932830810547
2024-02-08,57.63155746459961,166.97921752929688
2024-02-09,57.37147903442383,161.04344177246094
2024-02-12,57.50633239746094,163.86724853515625
2024-02-13,57.169193267822266,162.20562744140625
2024-02-14,57.11139678955078,160.89938354492188
2024-02-15,57.21736145019531,161.22593688964844
2024-02-16,57.20772171020508,159.74679565429688
2024-02-20,58.4695930480957,161.98471069335938
2024-02-21,58.989749908447266,162.1575927734375
2024-02-22,58.903053283691406,161.6005096435547
2024-02-23,58.95121765136719,162.89715576171875
2024-02-26,58.47922134399414,161.61013793945312
2024-02-27,58.12281799316406,161.5140838623047
2024-02-28,58.18061447143555,160.42872619628906
2024-02-29,57.81456756591797,160.0174102783203
2024-03-01,57.34257507324219,159.2915496826172
2024-03-04,57.6122932434082,160.0464630126953
2024-03-05,57.332942962646484,156.82363891601562
2024-03-06,57.361846923828125,157.7527618408203
2024-03-07,57.25588607788086,157.8592071533203
2024-03-08,57.332942962646484,157.80111694335938
2024-03-11,58.0264892578125,159.4270477294922
2024-03-12,58.27693557739258,159.24317932128906
2024-03-13,58.8741569519043,159.97869873046875
2024-03-14,58.74307632446289,159.47544860839844
2024-03-15,58.141082763671875,159.3593292236328
2024-03-18,58.38382339477539,165.746826171875
2024-03-19,58.480918884277344,166.2694549560547
2024-03-20,58.98582077026367,166.3275146484375
2024-03-21,58.71394729614258,166.8985137939453
2024-03-22,58.73337173461914,166.4823760986328
2024-03-25,58.64598083496094,167.043701171875
2024-03-26,58.781917572021484,167.1695098876953
2024-03-27,59.257686614990234,167.9824981689453
2024-03-28,59.4033317565918,169.37611389160156
2024-04-01,58.917850494384766,167.41146850585938
2024-04-02,58.40324401855469,165.92105102539062
2024-04-03,58.09253692626953,164.2176971435547
2024-04-04,57.57792663574219,164.1886749267578
2024-04-05,57.78182601928711,163.69508361816406
2024-04-08,57.548797607421875,164.12094116210938
2024-04-09,57.9857292175293,165.11776733398438
2024-04-10,57.208961486816406,163.51121520996094
2024-04-11,57.33518600463867,162.94020080566406
2024-04-12,56.58754348754883,162.68856811523438
2024-04-15,56.45161056518555,161.57559204101562
2024-04-16,56.37393569946289,162.10787963867188
2024-04-17,56.81086349487305,164.02413940429688
2024-04-18,57.19925308227539,166.72433471679688
2024-04-19,58.42265319824219,168.5244598388672
2024-04-22,58.7916259765625,170.77944946289062
2024-04-23,58.87901306152344,165.70814514160156
2024-04-24,59.76258087158203,171.69886779785156
2024-04-25,59.94706726074219,170.9923553466797
2024-04-26,59.94706726074219,169.92776489257812
2024-04-29,60.23835372924805,170.46975708007812
2024-04-30,59.9761962890625,170.2471466064453
2024-05-01,60.13154983520508,169.5115966796875
2024-05-02,60.18981170654297,169.8019561767578
2024-05-03,60.36457824707031,170.47940063476562
2024-05-06,60.53934860229492,170.16006469726562
2024-05-07,60.801509857177734,172.2892303466797
2024-05-08,61.02482986450195,171.69886779785156
2024-05-09,61.05396270751953,172.3279266357422
2024-05-10,61.42292404174805,174.0022430419922
2024-05-13,61.73363494873047,175.07650756835938
2024-05-14,61.267574310302734,174.0796661376953
2024-05-15,61.29669952392578,173.68289184570312
2024-05-16,61.48118591308594,177.2153778076172
2024-05-17,61.19960403442383,176.32498168945312
2024-05-20,60.752960205078125,174.50550842285156
2024-05-21,61.083091735839844,175.25071716308594
2024-05-22,61.170475006103516,176.22821044921875
2024-05-23,60.286903381347656,173.49899291992188
2024-05-24,60.19951629638672,172.2602081298828
2024-05-28,60.024742126464844,167.79859924316406
2024-05-29,59.90822982788086,165.640380859375
2024-05-30,60.170387268066406,164.991943359375
2024-05-31,61.10251235961914,167.33404541015625
2024-06-03,61.10251235961914,165.71780395507812
2024-06-04,62.08317565917969,168.2921600341797
2024-06-05,62.06375503540039,167.90505981445312
2024-06-06,62.28708267211914,167.62437438964844
2024-06-07,62.05405044555664,166.8391571044922
2024-06-10,61.74334716796875,161.8253936767578
2024-06-11,61.70450210571289,161.01580810546875
2024-06-12,61.05396270751953,159.80625915527344
2024-06-13,61.1607666015625,159.3185272216797
2024-06-14,61.204795837402344,159.7867431640625
2024-06-17,61.273292541503906,162.05950927734375
2024-06-18,61.283077239990234,162.39117431640625
2024-06-20,60.84275817871094,162.58624267578125
2024-06-21,61.420066833496094,163.1715087890625
2024-06-24,62.594261169433594,163.9518585205078
2024-06-25,62.46705627441406,163.2397918701172
2024-06-26,62.67253875732422,162.64479064941406
2024-06-27,62.53554916381836,162.1765594482422
2024-06-28,62.28114318847656,160.87921142578125
2024-07-01,61.919097900390625,158.8893280029297
2024-07-02,61.791893005371094,159.5623779296875
2024-07-03,61.96802520751953,158.60646057128906
2024-07-05,62.38877487182617,160.3524932861328
2024-07-08,61.60597610473633,158.13824462890625
2024-07-09,61.34178161621094,157.92364501953125
2024-07-10,61.47877502441406,159.5721435546875
2024-07-11,61.74296569824219,159.92327880859375
2024-07-12,62.33006286621094,162.2936248779297
2024-07-15,62.046302795410156,159.83551025390625
2024-07-16,62.88780212402344,160.71339416503906
2024-07-17,63.807594299316406,165.71742248535156
2024-07-18,63.788021087646484,166.18560791015625
2024-07-19,63.88587188720703,165.20042419433594
2024-07-22,63.37704849243164,163.5421905517578
2024-07-23,63.562965393066406,162.19607543945312
2024-07-24,64.39468383789062,164.03964233398438
2024-07-25,64.64909362792969,166.8196563720703
2024-07-26,65.60801696777344,168.50717163085938
2024-07-29,65.39275360107422,168.9558868408203
2024-07-30,66.22447204589844,168.9265899658203
2024-07-31,65.3046875,168.42913818359375
2024-08-01,66.49845123291016,170.6628875732422
2024-08-02,67.8389892578125,173.667236328125
2024-08-05,66.63543701171875,169.76547241210938
2024-08-06,66.58651733398438,168.25355529785156
2024-08-07,66.9876937866211,167.57073974609375
2024-08-08,67.25189208984375,168.13650512695312
2024-08-09,67.20296478271484,168.156005859375
2024-08-12,66.70393371582031,167.20982360839844
2024-08-13,66.9876937866211,168.13650512695312
2024-08-14,67.10511779785156,169.44358825683594
2024-08-15,67.17362213134766,168.2828369140625
2024-08-16,67.69221496582031,168.38035583496094
2024-08-19,67.49652099609375,169.55088806152344
2024-08-20,67.88790130615234,171.53103637695312
2024-08-21,68.07382202148438,170.90675354003906
2024-08-22,67.8389892578125,171.42373657226562
2024-08-23,68.28909301757812,171.550537109375
2024-08-26,69.3165054321289,171.64808654785156
2024-08-27,69.96231842041016,170.99453735351562
2024-08-28,70.20693969726562,169.64842224121094
2024-08-29,70.50048828125,167.86337280273438
2024-08-30,70.91146087646484,168.63397216796875
2024-09-03,71.4398422241211,173.1795196533203
2024-09-04,70.99951934814453,174.13546752929688
2024-09-05,69.63941192626953,174.89630126953125
2024-09-06,69.61005401611328,174.30166625976562
2024-09-09,70.30479431152344,175.13710021972656
2024-09-10,70.01124572753906,174.76361083984375
2024-09-11,69.55135345458984,172.7683868408203
2024-09-12,69.69812774658203,174.21319580078125
2024-09-13,70.3532943725586,174.32130432128906
2024-09-16,71.03307342529297,174.17388916015625
2024-09-17,70.73751831054688,173.83970642089844
2024-09-18,70.6882553100586,172.20816040039062
2024-09-19,69.5749740600586,171.66757202148438
2024-09-20,70.57987976074219,168.2471923828125
2024-09-23,70.66854858398438,169.1612548828125
2024-09-24,70.27446746826172,167.00877380371094
2024-09-25,70.39268493652344,166.49769592285156
2024-09-26,70.34342956542969,166.78271484375
2024-09-27,70.7276611328125,167.08741760253906
2024-09-30,70.796630859375,167.1365509033203
2024-10-01,70.64884948730469,168.4437713623047
2024-10-02,69.9592056274414,166.64512634277344
2024-10-03,69.47644805908203,165.64259338378906
2024-10-04,69.13162994384766,165.09219360351562
2024-10-07,67.98880004882812,164.34523010253906
2024-10-08,68.15628814697266,167.50021362304688
2024-10-09,68.54051208496094,169.58387756347656
2024-10-10,68.22525024414062,170.02618408203125
2024-10-11,68.54051208496094,171.81500244140625
2024-10-14,69.29911804199219,173.08291625976562
2024-10-15,69.29911804199219,172.88632202148438
2024-10-16,69.52571105957031,171.49066162109375
2024-10-17,68.86563110351562,171.67739868164062
2024-10-18,69.39764404296875,172.0607147216797
2024-10-21,68.42228698730469,172.01158142089844
2024-10-22,68.42228698730469,171.38253784179688
2024-10-23,67.00360107421875,169.98687744140625
2024-10-24,66.30410766601562,169.21041870117188
2024-10-25,65.92972564697266,168.84674072265625
2024-10-28,65.68342590332031,166.93014526367188
2024-10-29,64.58985137939453,164.6302490234375
2024-10-30,64.94452667236328,163.3623504638672
2024-10-31,64.34355163574219,163.2345733642578
2024-11-01,64.0479965209961,162.75296020507812
2024-11-04,64.14651489257812,163.4901123046875
2024-11-05,64.40266418457031,164.9742431640625
2024-11-06,62.75737762451172,161.8880615234375
2024-11-07,62.71796798706055,161.19021606445312
2024-11-08,62.97412109375,162.2812042236328
2024-11-11,62.42240905761719,161.4457550048828
2024-11-12,62.264774322509766,161.52438354492188
2024-11-13,62.06773376464844,161.91754150390625
2024-11-14,61.6243896484375,162.32049560546875
2024-11-15,60.82638168334961,155.9023895263672
2024-11-18,60.94460678100586,155.6173553466797
2024-11-19,61.66380310058594,154.03494262695312
2024-11-20,62.05788803100586,156.0203399658203
2024-11-21,62.81648635864258,157.59291076660156
2024-11-22,62.97412109375,159.22447204589844
2024-11-25,63.427310943603516,160.25648498535156
2024-11-26,63.59479904174805,159.38174438476562
2024-11-27,63.4765739440918,159.93214416503906
2024-11-29,63.6105842590332,160.64962768554688
2024-12-02,63.18373489379883,160.25648498535156
2024-12-03,63.0546875,158.9296112060547
2024-12-04,61.75428009033203,157.43563842773438
2024-12-05,62.45907974243164,157.7403564453125
2024-12-06,62.071937561035156,156.40711975097656
2024-12-09,62.141422271728516,158.07241821289062
2024-12-10,62.449153900146484,158.4391632080078
2024-12-11,62.18113327026367,155.3960723876953
2024-12-12,63.37234115600586,157.5074005126953
2024-12-13,62.657615661621094,156.58555603027344
2024-12-16,62.09178924560547,154.65264892578125
2024-12-17,62.93556594848633,154.77159118652344
2024-12-18,62.389591217041016,153.07656860351562
2024-12-19,61.99252700805664,150.14251708984375
2024-12-20,62.09178924560547,151.45094299316406
2024-12-23,61.923038482666016,149.96409606933594
2024-12-24,62.379669189453125,151.4707794189453
2024-12-26,62.11164474487305,151.10401916503906
2024-12-27,61.99252700805664,151.55007934570312
2024-12-30,61.575599670410156,150.3903350830078
2024-12-31,61.80391311645508,150.72735595703125
